label,probability,image_path
0,0.005840806756168604,./datasets/data/ILSVRC2012/train/n01440764/n01440764_7562.JPEG
1,0.004514703992754221,./datasets/data/ILSVRC2012/train/n01443537/n01443537_16780.JPEG
2,0.0030170828104019165,./datasets/data/ILSVRC2012/train/n01484850/n01484850_4210.JPEG
3,0.0028664462734013796,./datasets/data/ILSVRC2012/train/n01491361/n01491361_1279.JPEG
4,0.005054542329162359,./datasets/data/ILSVRC2012/train/n01494475/n01494475_11296.JPEG
5,0.0015412248903885484,./datasets/data/ILSVRC2012/train/n01496331/n01496331_25327.JPEG
6,0.004151182249188423,./datasets/data/ILSVRC2012/train/n01498041/n01498041_129.JPEG
7,0.024828001856803894,./datasets/data/ILSVRC2012/train/n01514668/n01514668_8590.JPEG
8,0.0030148732475936413,./datasets/data/ILSVRC2012/train/n01514859/n01514859_22534.JPEG
9,0.007420077454298735,./datasets/data/ILSVRC2012/train/n01518878/n01518878_1757.JPEG
10,0.0031075894366949797,./datasets/data/ILSVRC2012/train/n01530575/n01530575_4497.JPEG
11,0.12918011844158173,./datasets/data/ILSVRC2012/train/n01531178/n01531178_37595.JPEG
12,0.04951900988817215,./datasets/data/ILSVRC2012/train/n01532829/n01532829_5936.JPEG
13,0.015472503378987312,./datasets/data/ILSVRC2012/train/n01534433/n01534433_10317.JPEG
14,0.10167492926120758,./datasets/data/ILSVRC2012/train/n01537544/n01537544_4952.JPEG
15,0.010442730970680714,./datasets/data/ILSVRC2012/train/n01558993/n01558993_422.JPEG
16,0.03282468020915985,./datasets/data/ILSVRC2012/train/n01560419/n01560419_21096.JPEG
17,0.007881508208811283,./datasets/data/ILSVRC2012/train/n01580077/n01580077_23225.JPEG
18,0.009221354499459267,./datasets/data/ILSVRC2012/train/n01582220/n01582220_6420.JPEG
19,0.14199070632457733,./datasets/data/ILSVRC2012/train/n01592084/n01592084_4794.JPEG
20,0.0056264279410243034,./datasets/data/ILSVRC2012/train/n01601694/n01601694_16465.JPEG
21,0.0023511131294071674,./datasets/data/ILSVRC2012/train/n01608432/n01608432_1009.JPEG
22,0.004336837213486433,./datasets/data/ILSVRC2012/train/n01614925/n01614925_2288.JPEG
23,0.0023204092867672443,./datasets/data/ILSVRC2012/train/n01616318/n01616318_2231.JPEG
24,0.03139020875096321,./datasets/data/ILSVRC2012/train/n01622779/n01622779_753.JPEG
25,0.0013420842587947845,./datasets/data/ILSVRC2012/train/n01629819/n01629819_10784.JPEG
26,0.00013214971113484353,./datasets/data/ILSVRC2012/train/n01630670/n01630670_7481.JPEG
27,0.000674526731017977,./datasets/data/ILSVRC2012/train/n01631663/n01631663_2375.JPEG
28,0.0028454577550292015,./datasets/data/ILSVRC2012/train/n01632458/n01632458_12356.JPEG
29,0.001576041802763939,./datasets/data/ILSVRC2012/train/n01632777/n01632777_11613.JPEG
30,0.0012077299179509282,./datasets/data/ILSVRC2012/train/n01641577/n01641577_18051.JPEG
31,0.012973776087164879,./datasets/data/ILSVRC2012/train/n01644373/n01644373_7090.JPEG
32,0.0013510934077203274,./datasets/data/ILSVRC2012/train/n01644900/n01644900_19845.JPEG
33,0.0005004310514777899,./datasets/data/ILSVRC2012/train/n01664065/n01664065_9840.JPEG
34,0.0007224073633551598,./datasets/data/ILSVRC2012/train/n01665541/n01665541_12095.JPEG
35,0.0018297310452908278,./datasets/data/ILSVRC2012/train/n01667114/n01667114_14120.JPEG
36,0.0024303682148456573,./datasets/data/ILSVRC2012/train/n01667778/n01667778_11221.JPEG
37,0.0006627085967920721,./datasets/data/ILSVRC2012/train/n01669191/n01669191_2883.JPEG
38,0.0006742932600900531,./datasets/data/ILSVRC2012/train/n01675722/n01675722_7320.JPEG
39,0.0007854032446630299,./datasets/data/ILSVRC2012/train/n01677366/n01677366_11396.JPEG
40,0.006695586256682873,./datasets/data/ILSVRC2012/train/n01682714/n01682714_6633.JPEG
41,0.00026969192549586296,./datasets/data/ILSVRC2012/train/n01685808/n01685808_2983.JPEG
42,0.005641370080411434,./datasets/data/ILSVRC2012/train/n01687978/n01687978_7709.JPEG
43,0.009454353712499142,./datasets/data/ILSVRC2012/train/n01688243/n01688243_8024.JPEG
44,0.0005688158562406898,./datasets/data/ILSVRC2012/train/n01689811/n01689811_6376.JPEG
45,0.001201355247758329,./datasets/data/ILSVRC2012/train/n01692333/n01692333_4287.JPEG
46,0.000530052580870688,./datasets/data/ILSVRC2012/train/n01693334/n01693334_10020.JPEG
47,0.012209867127239704,./datasets/data/ILSVRC2012/train/n01694178/n01694178_1525.JPEG
48,0.03291582316160202,./datasets/data/ILSVRC2012/train/n01695060/n01695060_18349.JPEG
49,0.0007935455068945885,./datasets/data/ILSVRC2012/train/n01697457/n01697457_7174.JPEG
50,0.006004481576383114,./datasets/data/ILSVRC2012/train/n01698640/n01698640_1512.JPEG
51,0.0072271511889994144,./datasets/data/ILSVRC2012/train/n01704323/n01704323_1179.JPEG
52,0.0005669340607710183,./datasets/data/ILSVRC2012/train/n01728572/n01728572_1919.JPEG
53,0.0013569750590249896,./datasets/data/ILSVRC2012/train/n01728920/n01728920_6618.JPEG
54,0.00013117297203280032,./datasets/data/ILSVRC2012/train/n01729322/n01729322_12426.JPEG
55,0.0028648111037909985,./datasets/data/ILSVRC2012/train/n01729977/n01729977_1032.JPEG
56,0.0010134122567251325,./datasets/data/ILSVRC2012/train/n01734418/n01734418_8988.JPEG
57,0.006213697604835033,./datasets/data/ILSVRC2012/train/n01735189/n01735189_12926.JPEG
58,0.0006466840277425945,./datasets/data/ILSVRC2012/train/n01737021/n01737021_2205.JPEG
59,0.0010353547986596823,./datasets/data/ILSVRC2012/train/n01739381/n01739381_616.JPEG
60,0.00015851717034820467,./datasets/data/ILSVRC2012/train/n01740131/n01740131_14059.JPEG
61,0.0007212289492599666,./datasets/data/ILSVRC2012/train/n01742172/n01742172_3557.JPEG
62,0.0011288324603810906,./datasets/data/ILSVRC2012/train/n01744401/n01744401_13693.JPEG
63,0.004251006059348583,./datasets/data/ILSVRC2012/train/n01748264/n01748264_14493.JPEG
64,0.0006500276504084468,./datasets/data/ILSVRC2012/train/n01749939/n01749939_2789.JPEG
65,0.001499544712714851,./datasets/data/ILSVRC2012/train/n01751748/n01751748_13938.JPEG
66,4.270814679330215e-05,./datasets/data/ILSVRC2012/train/n01753488/n01753488_6428.JPEG
67,0.00023327648523263633,./datasets/data/ILSVRC2012/train/n01755581/n01755581_12063.JPEG
68,0.00021070122602395713,./datasets/data/ILSVRC2012/train/n01756291/n01756291_9362.JPEG
69,0.022665737196803093,./datasets/data/ILSVRC2012/train/n01768244/n01768244_6270.JPEG
70,0.0030772725585848093,./datasets/data/ILSVRC2012/train/n01770081/n01770081_13021.JPEG
71,0.028064735233783722,./datasets/data/ILSVRC2012/train/n01770393/n01770393_26786.JPEG
72,0.002580995438620448,./datasets/data/ILSVRC2012/train/n01773157/n01773157_7375.JPEG
73,0.0008532799547538161,./datasets/data/ILSVRC2012/train/n01773549/n01773549_4692.JPEG
74,0.0024967757053673267,./datasets/data/ILSVRC2012/train/n01773797/n01773797_1625.JPEG
75,0.007002207450568676,./datasets/data/ILSVRC2012/train/n01774384/n01774384_22.JPEG
76,0.002866343129426241,./datasets/data/ILSVRC2012/train/n01774750/n01774750_63.JPEG
77,0.0021032593213021755,./datasets/data/ILSVRC2012/train/n01775062/n01775062_7974.JPEG
78,0.00010103871318278834,./datasets/data/ILSVRC2012/train/n01776313/n01776313_23309.JPEG
79,0.0032440079376101494,./datasets/data/ILSVRC2012/train/n01784675/n01784675_3378.JPEG
80,0.004023818764835596,./datasets/data/ILSVRC2012/train/n01795545/n01795545_15113.JPEG
81,0.006632369477301836,./datasets/data/ILSVRC2012/train/n01796340/n01796340_5203.JPEG
82,0.00022587737475987524,./datasets/data/ILSVRC2012/train/n01797886/n01797886_25388.JPEG
83,0.002985553815960884,./datasets/data/ILSVRC2012/train/n01798484/n01798484_2728.JPEG
84,0.0026332808192819357,./datasets/data/ILSVRC2012/train/n01806143/n01806143_6319.JPEG
85,0.0029196729883551598,./datasets/data/ILSVRC2012/train/n01806567/n01806567_2439.JPEG
86,0.0007634250214323401,./datasets/data/ILSVRC2012/train/n01807496/n01807496_12923.JPEG
87,0.08558283746242523,./datasets/data/ILSVRC2012/train/n01817953/n01817953_13350.JPEG
88,0.0677797943353653,./datasets/data/ILSVRC2012/train/n01818515/n01818515_29605.JPEG
89,0.01972932182252407,./datasets/data/ILSVRC2012/train/n01819313/n01819313_5845.JPEG
90,0.27121302485466003,./datasets/data/ILSVRC2012/train/n01820546/n01820546_1161.JPEG
91,0.06029903516173363,./datasets/data/ILSVRC2012/train/n01824575/n01824575_11734.JPEG
92,0.011258849874138832,./datasets/data/ILSVRC2012/train/n01828970/n01828970_11580.JPEG
93,0.005502218846231699,./datasets/data/ILSVRC2012/train/n01829413/n01829413_1769.JPEG
94,0.03724093362689018,./datasets/data/ILSVRC2012/train/n01833805/n01833805_8189.JPEG
95,0.018967175856232643,./datasets/data/ILSVRC2012/train/n01843065/n01843065_4510.JPEG
96,0.003140924731269479,./datasets/data/ILSVRC2012/train/n01843383/n01843383_7165.JPEG
97,0.004489986225962639,./datasets/data/ILSVRC2012/train/n01847000/n01847000_13715.JPEG
98,0.018218010663986206,./datasets/data/ILSVRC2012/train/n01855032/n01855032_5655.JPEG
99,0.02747582271695137,./datasets/data/ILSVRC2012/train/n01855672/n01855672_5197.JPEG
100,0.005403664894402027,./datasets/data/ILSVRC2012/train/n01860187/n01860187_557.JPEG
101,0.0011932960478588939,./datasets/data/ILSVRC2012/train/n01871265/n01871265_7203.JPEG
102,0.02451859600841999,./datasets/data/ILSVRC2012/train/n01872401/n01872401_2921.JPEG
103,0.0004920338978990912,./datasets/data/ILSVRC2012/train/n01873310/n01873310_18635.JPEG
104,0.0009017525007948279,./datasets/data/ILSVRC2012/train/n01877812/n01877812_3348.JPEG
105,0.07313792407512665,./datasets/data/ILSVRC2012/train/n01882714/n01882714_27627.JPEG
106,0.0011005104752257466,./datasets/data/ILSVRC2012/train/n01883070/n01883070_23290.JPEG
107,0.2481643408536911,./datasets/data/ILSVRC2012/train/n01910747/n01910747_9135.JPEG
108,0.004969287198036909,./datasets/data/ILSVRC2012/train/n01914609/n01914609_12229.JPEG
109,0.011642074212431908,./datasets/data/ILSVRC2012/train/n01917289/n01917289_795.JPEG
110,0.001682366942986846,./datasets/data/ILSVRC2012/train/n01924916/n01924916_5182.JPEG
111,0.019178517162799835,./datasets/data/ILSVRC2012/train/n01930112/n01930112_13679.JPEG
112,0.0004918606136925519,./datasets/data/ILSVRC2012/train/n01943899/n01943899_19701.JPEG
113,0.003284496022388339,./datasets/data/ILSVRC2012/train/n01944390/n01944390_8222.JPEG
114,0.002028608927503228,./datasets/data/ILSVRC2012/train/n01945685/n01945685_21553.JPEG
115,0.008018284104764462,./datasets/data/ILSVRC2012/train/n01950731/n01950731_10153.JPEG
116,0.00024177003069780767,./datasets/data/ILSVRC2012/train/n01955084/n01955084_3486.JPEG
117,0.045559361577034,./datasets/data/ILSVRC2012/train/n01968897/n01968897_24636.JPEG
118,0.0002847445721272379,./datasets/data/ILSVRC2012/train/n01978287/n01978287_11822.JPEG
119,0.0014190003275871277,./datasets/data/ILSVRC2012/train/n01978455/n01978455_4624.JPEG
120,0.00448335986584425,./datasets/data/ILSVRC2012/train/n01980166/n01980166_10216.JPEG
121,0.00014928898599464446,./datasets/data/ILSVRC2012/train/n01981276/n01981276_3924.JPEG
122,0.0059179216623306274,./datasets/data/ILSVRC2012/train/n01983481/n01983481_27426.JPEG
123,0.0012415051460266113,./datasets/data/ILSVRC2012/train/n01984695/n01984695_3008.JPEG
124,0.0007782482425682247,./datasets/data/ILSVRC2012/train/n01985128/n01985128_16924.JPEG
125,0.0004459079646039754,./datasets/data/ILSVRC2012/train/n01986214/n01986214_16084.JPEG
126,0.0005054795183241367,./datasets/data/ILSVRC2012/train/n01990800/n01990800_3857.JPEG
127,0.00923355296254158,./datasets/data/ILSVRC2012/train/n02002556/n02002556_8659.JPEG
128,0.004611974116414785,./datasets/data/ILSVRC2012/train/n02002724/n02002724_278.JPEG
129,0.028419651091098785,./datasets/data/ILSVRC2012/train/n02006656/n02006656_190.JPEG
130,0.11310440301895142,./datasets/data/ILSVRC2012/train/n02007558/n02007558_9120.JPEG
131,0.001980743370950222,./datasets/data/ILSVRC2012/train/n02009229/n02009229_5096.JPEG
132,0.0025654861237853765,./datasets/data/ILSVRC2012/train/n02009912/n02009912_7430.JPEG
133,0.02685038559138775,./datasets/data/ILSVRC2012/train/n02011460/n02011460_15537.JPEG
134,0.0019296015379950404,./datasets/data/ILSVRC2012/train/n02012849/n02012849_2778.JPEG
135,0.010196310468018055,./datasets/data/ILSVRC2012/train/n02013706/n02013706_3200.JPEG
136,0.04754721373319626,./datasets/data/ILSVRC2012/train/n02017213/n02017213_17013.JPEG
137,0.010516212321817875,./datasets/data/ILSVRC2012/train/n02018207/n02018207_22238.JPEG
138,0.0033437844831496477,./datasets/data/ILSVRC2012/train/n02018795/n02018795_3793.JPEG
139,0.0319766066968441,./datasets/data/ILSVRC2012/train/n02025239/n02025239_3874.JPEG
140,0.005467716138809919,./datasets/data/ILSVRC2012/train/n02027492/n02027492_3502.JPEG
141,0.004143939819186926,./datasets/data/ILSVRC2012/train/n02028035/n02028035_32436.JPEG
142,0.017352605238556862,./datasets/data/ILSVRC2012/train/n02033041/n02033041_8866.JPEG
143,0.014622836373746395,./datasets/data/ILSVRC2012/train/n02037110/n02037110_1586.JPEG
144,0.01168908178806305,./datasets/data/ILSVRC2012/train/n02051845/n02051845_5414.JPEG
145,0.20916636288166046,./datasets/data/ILSVRC2012/train/n02056570/n02056570_12718.JPEG
146,0.007686486467719078,./datasets/data/ILSVRC2012/train/n02058221/n02058221_5318.JPEG
147,0.008984903804957867,./datasets/data/ILSVRC2012/train/n02066245/n02066245_10948.JPEG
148,0.010023068636655807,./datasets/data/ILSVRC2012/train/n02071294/n02071294_9205.JPEG
149,0.016346139833331108,./datasets/data/ILSVRC2012/train/n02074367/n02074367_444.JPEG
150,0.007850057445466518,./datasets/data/ILSVRC2012/train/n02077923/n02077923_13162.JPEG
151,0.0032025505788624287,./datasets/data/ILSVRC2012/train/n02085620/n02085620_11676.JPEG
152,0.003594612469896674,./datasets/data/ILSVRC2012/train/n02085782/n02085782_1148.JPEG
153,0.002714492380619049,./datasets/data/ILSVRC2012/train/n02085936/n02085936_15946.JPEG
154,0.00042399601079523563,./datasets/data/ILSVRC2012/train/n02086079/n02086079_64045.JPEG
155,8.316561434185132e-05,./datasets/data/ILSVRC2012/train/n02086240/n02086240_1482.JPEG
156,0.00027424932341091335,./datasets/data/ILSVRC2012/train/n02086646/n02086646_3735.JPEG
157,0.002824713010340929,./datasets/data/ILSVRC2012/train/n02086910/n02086910_15081.JPEG
158,0.0015214901650324464,./datasets/data/ILSVRC2012/train/n02087046/n02087046_2045.JPEG
159,0.0005915565998293459,./datasets/data/ILSVRC2012/train/n02087394/n02087394_5166.JPEG
160,0.0021174256689846516,./datasets/data/ILSVRC2012/train/n02088094/n02088094_1638.JPEG
161,0.0008121281280182302,./datasets/data/ILSVRC2012/train/n02088238/n02088238_4220.JPEG
162,0.0005407938733696938,./datasets/data/ILSVRC2012/train/n02088364/n02088364_8060.JPEG
163,0.00024315580958500504,./datasets/data/ILSVRC2012/train/n02088466/n02088466_4889.JPEG
164,0.0005858816439285874,./datasets/data/ILSVRC2012/train/n02088632/n02088632_7496.JPEG
165,0.004494976252317429,./datasets/data/ILSVRC2012/train/n02089078/n02089078_1792.JPEG
166,0.0018570668762549758,./datasets/data/ILSVRC2012/train/n02089867/n02089867_7388.JPEG
167,0.0004237790999468416,./datasets/data/ILSVRC2012/train/n02089973/n02089973_980.JPEG
168,0.0003165875968988985,./datasets/data/ILSVRC2012/train/n02090379/n02090379_14325.JPEG
169,0.0002788711281027645,./datasets/data/ILSVRC2012/train/n02090622/n02090622_1055.JPEG
170,0.00027564328047446907,./datasets/data/ILSVRC2012/train/n02090721/n02090721_4497.JPEG
171,0.003572362009435892,./datasets/data/ILSVRC2012/train/n02091032/n02091032_364.JPEG
172,0.00014069660392124206,./datasets/data/ILSVRC2012/train/n02091134/n02091134_15928.JPEG
173,0.0005595721886493266,./datasets/data/ILSVRC2012/train/n02091244/n02091244_11035.JPEG
174,9.166118979919702e-05,./datasets/data/ILSVRC2012/train/n02091467/n02091467_8826.JPEG
175,0.007049684878438711,./datasets/data/ILSVRC2012/train/n02091635/n02091635_1192.JPEG
176,0.00048312509898096323,./datasets/data/ILSVRC2012/train/n02091831/n02091831_276.JPEG
177,0.001997877610847354,./datasets/data/ILSVRC2012/train/n02092002/n02092002_29742.JPEG
178,0.0006006268667988479,./datasets/data/ILSVRC2012/train/n02092339/n02092339_753.JPEG
179,8.720861660549417e-05,./datasets/data/ILSVRC2012/train/n02093256/n02093256_47095.JPEG
180,0.0003354119835421443,./datasets/data/ILSVRC2012/train/n02093428/n02093428_3138.JPEG
181,0.000983824604190886,./datasets/data/ILSVRC2012/train/n02093647/n02093647_5022.JPEG
182,0.0010749998036772013,./datasets/data/ILSVRC2012/train/n02093754/n02093754_5961.JPEG
183,0.0005744912195950747,./datasets/data/ILSVRC2012/train/n02093859/n02093859_1732.JPEG
184,0.0002118351258104667,./datasets/data/ILSVRC2012/train/n02093991/n02093991_4753.JPEG
185,0.0013532740995287895,./datasets/data/ILSVRC2012/train/n02094114/n02094114_290.JPEG
186,0.00036772392923012376,./datasets/data/ILSVRC2012/train/n02094258/n02094258_2720.JPEG
187,0.0016917764442041516,./datasets/data/ILSVRC2012/train/n02094433/n02094433_1505.JPEG
188,0.0010342862224206328,./datasets/data/ILSVRC2012/train/n02095314/n02095314_2971.JPEG
189,6.522908370243385e-05,./datasets/data/ILSVRC2012/train/n02095570/n02095570_915.JPEG
190,0.004194616340100765,./datasets/data/ILSVRC2012/train/n02095889/n02095889_6469.JPEG
191,7.372113486781018e-06,./datasets/data/ILSVRC2012/train/n02096051/n02096051_6263.JPEG
192,0.0007658997201360762,./datasets/data/ILSVRC2012/train/n02096177/n02096177_707.JPEG
193,0.00015244413225445896,./datasets/data/ILSVRC2012/train/n02096294/n02096294_3108.JPEG
194,0.002109007677063346,./datasets/data/ILSVRC2012/train/n02096437/n02096437_3541.JPEG
195,0.005460520274937153,./datasets/data/ILSVRC2012/train/n02096585/n02096585_9311.JPEG
196,0.0008680837345309556,./datasets/data/ILSVRC2012/train/n02097047/n02097047_4793.JPEG
197,0.000282861030427739,./datasets/data/ILSVRC2012/train/n02097130/n02097130_9297.JPEG
198,0.0006269625737331808,./datasets/data/ILSVRC2012/train/n02097209/n02097209_1133.JPEG
199,0.0020011719316244125,./datasets/data/ILSVRC2012/train/n02097298/n02097298_9842.JPEG
200,0.00017095496878027916,./datasets/data/ILSVRC2012/train/n02097474/n02097474_11920.JPEG
201,0.004635173361748457,./datasets/data/ILSVRC2012/train/n02097658/n02097658_3431.JPEG
202,0.0021050621289759874,./datasets/data/ILSVRC2012/train/n02098105/n02098105_1113.JPEG
203,2.404101542197168e-05,./datasets/data/ILSVRC2012/train/n02098286/n02098286_5750.JPEG
204,0.0010063138324767351,./datasets/data/ILSVRC2012/train/n02098413/n02098413_3876.JPEG
205,0.002263202564790845,./datasets/data/ILSVRC2012/train/n02099267/n02099267_19044.JPEG
206,0.013042967766523361,./datasets/data/ILSVRC2012/train/n02099429/n02099429_3103.JPEG
207,0.002861348446458578,./datasets/data/ILSVRC2012/train/n02099601/n02099601_1048.JPEG
208,0.000139519979711622,./datasets/data/ILSVRC2012/train/n02099712/n02099712_4405.JPEG
209,0.0016551394946873188,./datasets/data/ILSVRC2012/train/n02099849/n02099849_630.JPEG
210,0.002402583137154579,./datasets/data/ILSVRC2012/train/n02100236/n02100236_4343.JPEG
211,0.008411762304604053,./datasets/data/ILSVRC2012/train/n02100583/n02100583_1254.JPEG
212,0.0003882063028868288,./datasets/data/ILSVRC2012/train/n02100735/n02100735_3942.JPEG
213,0.0016742463922128081,./datasets/data/ILSVRC2012/train/n02100877/n02100877_9032.JPEG
214,0.002271168166771531,./datasets/data/ILSVRC2012/train/n02101006/n02101006_12091.JPEG
215,0.001159166800789535,./datasets/data/ILSVRC2012/train/n02101388/n02101388_9583.JPEG
216,0.0003244990366511047,./datasets/data/ILSVRC2012/train/n02101556/n02101556_5312.JPEG
217,0.0011457618093118072,./datasets/data/ILSVRC2012/train/n02102040/n02102040_4435.JPEG
218,0.0038730064406991005,./datasets/data/ILSVRC2012/train/n02102177/n02102177_3048.JPEG
219,0.0008197022252716124,./datasets/data/ILSVRC2012/train/n02102318/n02102318_10980.JPEG
220,0.00033171140239574015,./datasets/data/ILSVRC2012/train/n02102480/n02102480_11406.JPEG
221,0.02006266638636589,./datasets/data/ILSVRC2012/train/n02102973/n02102973_6449.JPEG
222,5.328886618372053e-05,./datasets/data/ILSVRC2012/train/n02104029/n02104029_449.JPEG
223,0.00050050561549142,./datasets/data/ILSVRC2012/train/n02104365/n02104365_10322.JPEG
224,0.0008105753222480416,./datasets/data/ILSVRC2012/train/n02105056/n02105056_5472.JPEG
225,0.0011424532858654857,./datasets/data/ILSVRC2012/train/n02105162/n02105162_5720.JPEG
226,0.00019179584342055023,./datasets/data/ILSVRC2012/train/n02105251/n02105251_7467.JPEG
227,9.840715938480571e-05,./datasets/data/ILSVRC2012/train/n02105412/n02105412_3484.JPEG
228,0.017588067799806595,./datasets/data/ILSVRC2012/train/n02105505/n02105505_3277.JPEG
229,0.004733556881546974,./datasets/data/ILSVRC2012/train/n02105641/n02105641_6216.JPEG
230,0.004982082173228264,./datasets/data/ILSVRC2012/train/n02105855/n02105855_11462.JPEG
231,0.0018876118119806051,./datasets/data/ILSVRC2012/train/n02106030/n02106030_13121.JPEG
232,0.001069854712113738,./datasets/data/ILSVRC2012/train/n02106166/n02106166_16512.JPEG
233,0.0012508138315752149,./datasets/data/ILSVRC2012/train/n02106382/n02106382_11733.JPEG
234,0.0006586601957678795,./datasets/data/ILSVRC2012/train/n02106550/n02106550_811.JPEG
235,0.00010240192204946652,./datasets/data/ILSVRC2012/train/n02106662/n02106662_3549.JPEG
236,0.0010080316569656134,./datasets/data/ILSVRC2012/train/n02107142/n02107142_17942.JPEG
237,0.0035626674070954323,./datasets/data/ILSVRC2012/train/n02107312/n02107312_578.JPEG
238,0.00027909164782613516,./datasets/data/ILSVRC2012/train/n02107574/n02107574_3911.JPEG
239,0.0014578941045328975,./datasets/data/ILSVRC2012/train/n02107683/n02107683_6992.JPEG
240,4.811612961930223e-05,./datasets/data/ILSVRC2012/train/n02107908/n02107908_6300.JPEG
241,0.0006089360103942454,./datasets/data/ILSVRC2012/train/n02108000/n02108000_6564.JPEG
242,0.0005970628117211163,./datasets/data/ILSVRC2012/train/n02108089/n02108089_20313.JPEG
243,0.000273269833996892,./datasets/data/ILSVRC2012/train/n02108422/n02108422_10047.JPEG
244,0.004767973441630602,./datasets/data/ILSVRC2012/train/n02108551/n02108551_9573.JPEG
245,0.0009091250831261277,./datasets/data/ILSVRC2012/train/n02108915/n02108915_5844.JPEG
246,0.0002445634745527059,./datasets/data/ILSVRC2012/train/n02109047/n02109047_55519.JPEG
247,0.004092072602361441,./datasets/data/ILSVRC2012/train/n02109525/n02109525_41297.JPEG
248,0.0009212468867190182,./datasets/data/ILSVRC2012/train/n02109961/n02109961_5780.JPEG
249,0.001829856657423079,./datasets/data/ILSVRC2012/train/n02110063/n02110063_14865.JPEG
250,0.0013463966315612197,./datasets/data/ILSVRC2012/train/n02110185/n02110185_5786.JPEG
251,0.010795594193041325,./datasets/data/ILSVRC2012/train/n02110341/n02110341_1726.JPEG
252,0.0019240352557972074,./datasets/data/ILSVRC2012/train/n02110627/n02110627_7746.JPEG
253,0.0008740269695408642,./datasets/data/ILSVRC2012/train/n02110806/n02110806_6556.JPEG
254,0.0010615346254780889,./datasets/data/ILSVRC2012/train/n02110958/n02110958_1108.JPEG
255,0.000492774008307606,./datasets/data/ILSVRC2012/train/n02111129/n02111129_7913.JPEG
256,0.0013858686434105039,./datasets/data/ILSVRC2012/train/n02111277/n02111277_17041.JPEG
257,0.0006526545039378107,./datasets/data/ILSVRC2012/train/n02111500/n02111500_376.JPEG
258,0.009775977581739426,./datasets/data/ILSVRC2012/train/n02111889/n02111889_17303.JPEG
259,0.0015189129626378417,./datasets/data/ILSVRC2012/train/n02112018/n02112018_5877.JPEG
260,0.0013192415935918689,./datasets/data/ILSVRC2012/train/n02112137/n02112137_3379.JPEG
261,0.012194856069982052,./datasets/data/ILSVRC2012/train/n02112350/n02112350_1366.JPEG
262,0.0005408895667642355,./datasets/data/ILSVRC2012/train/n02112706/n02112706_1501.JPEG
263,0.00660621328279376,./datasets/data/ILSVRC2012/train/n02113023/n02113023_8842.JPEG
264,0.0004607686132658273,./datasets/data/ILSVRC2012/train/n02113186/n02113186_4805.JPEG
265,0.00026355666341260076,./datasets/data/ILSVRC2012/train/n02113624/n02113624_9470.JPEG
266,0.0004245788441039622,./datasets/data/ILSVRC2012/train/n02113712/n02113712_3438.JPEG
267,0.002077559707686305,./datasets/data/ILSVRC2012/train/n02113799/n02113799_9802.JPEG
268,0.0170278362929821,./datasets/data/ILSVRC2012/train/n02113978/n02113978_7569.JPEG
269,0.0002352517913095653,./datasets/data/ILSVRC2012/train/n02114367/n02114367_541.JPEG
270,0.0015670252032577991,./datasets/data/ILSVRC2012/train/n02114548/n02114548_639.JPEG
271,8.365965913981199e-05,./datasets/data/ILSVRC2012/train/n02114712/n02114712_18699.JPEG
272,0.0008799476199783385,./datasets/data/ILSVRC2012/train/n02114855/n02114855_8274.JPEG
273,0.00019805649935733527,./datasets/data/ILSVRC2012/train/n02115641/n02115641_25455.JPEG
274,0.0006287447176873684,./datasets/data/ILSVRC2012/train/n02115913/n02115913_5398.JPEG
275,0.0006246509728953242,./datasets/data/ILSVRC2012/train/n02116738/n02116738_4124.JPEG
276,0.0006504043121822178,./datasets/data/ILSVRC2012/train/n02117135/n02117135_13100.JPEG
277,0.0007106494158506393,./datasets/data/ILSVRC2012/train/n02119022/n02119022_11275.JPEG
278,0.002776605309918523,./datasets/data/ILSVRC2012/train/n02119789/n02119789_7070.JPEG
279,0.002065927954390645,./datasets/data/ILSVRC2012/train/n02120079/n02120079_6452.JPEG
280,0.0009157388703897595,./datasets/data/ILSVRC2012/train/n02120505/n02120505_20996.JPEG
281,0.004756574053317308,./datasets/data/ILSVRC2012/train/n02123045/n02123045_3567.JPEG
282,0.0011198457796126604,./datasets/data/ILSVRC2012/train/n02123159/n02123159_6033.JPEG
283,0.003464339766651392,./datasets/data/ILSVRC2012/train/n02123394/n02123394_635.JPEG
284,0.005223605781793594,./datasets/data/ILSVRC2012/train/n02123597/n02123597_7323.JPEG
285,0.0006513489061035216,./datasets/data/ILSVRC2012/train/n02124075/n02124075_3609.JPEG
286,0.00038600657717324793,./datasets/data/ILSVRC2012/train/n02125311/n02125311_44920.JPEG
287,0.0019371723756194115,./datasets/data/ILSVRC2012/train/n02127052/n02127052_4830.JPEG
288,0.002198239089921117,./datasets/data/ILSVRC2012/train/n02128385/n02128385_13844.JPEG
289,0.009184109047055244,./datasets/data/ILSVRC2012/train/n02128757/n02128757_4264.JPEG
290,0.0034852512180805206,./datasets/data/ILSVRC2012/train/n02128925/n02128925_21180.JPEG
291,0.006426751147955656,./datasets/data/ILSVRC2012/train/n02129165/n02129165_12657.JPEG
292,0.01991736702620983,./datasets/data/ILSVRC2012/train/n02129604/n02129604_4512.JPEG
293,0.0012734589399769902,./datasets/data/ILSVRC2012/train/n02130308/n02130308_13340.JPEG
294,0.010215728543698788,./datasets/data/ILSVRC2012/train/n02132136/n02132136_1053.JPEG
295,0.010008866898715496,./datasets/data/ILSVRC2012/train/n02133161/n02133161_1520.JPEG
296,0.009720345959067345,./datasets/data/ILSVRC2012/train/n02134084/n02134084_18517.JPEG
297,0.0016350052319467068,./datasets/data/ILSVRC2012/train/n02134418/n02134418_1473.JPEG
298,0.0016865934012457728,./datasets/data/ILSVRC2012/train/n02137549/n02137549_5637.JPEG
299,0.006537856534123421,./datasets/data/ILSVRC2012/train/n02138441/n02138441_163.JPEG
300,0.0008805522811599076,./datasets/data/ILSVRC2012/train/n02165105/n02165105_273.JPEG
301,0.02935345657169819,./datasets/data/ILSVRC2012/train/n02165456/n02165456_4926.JPEG
302,0.005456277634948492,./datasets/data/ILSVRC2012/train/n02167151/n02167151_7555.JPEG
303,0.0007105531985871494,./datasets/data/ILSVRC2012/train/n02168699/n02168699_13934.JPEG
304,0.0011394048342481256,./datasets/data/ILSVRC2012/train/n02169497/n02169497_6589.JPEG
305,6.845583266112953e-05,./datasets/data/ILSVRC2012/train/n02172182/n02172182_4425.JPEG
306,4.420013283379376e-05,./datasets/data/ILSVRC2012/train/n02174001/n02174001_2840.JPEG
307,0.003135223174467683,./datasets/data/ILSVRC2012/train/n02177972/n02177972_6208.JPEG
308,0.007184795569628477,./datasets/data/ILSVRC2012/train/n02190166/n02190166_10629.JPEG
309,0.006160429213196039,./datasets/data/ILSVRC2012/train/n02206856/n02206856_7164.JPEG
310,0.001575283007696271,./datasets/data/ILSVRC2012/train/n02219486/n02219486_17219.JPEG
311,0.006610407028347254,./datasets/data/ILSVRC2012/train/n02226429/n02226429_6187.JPEG
312,0.0006657239282503724,./datasets/data/ILSVRC2012/train/n02229544/n02229544_2974.JPEG
313,0.0024989715311676264,./datasets/data/ILSVRC2012/train/n02231487/n02231487_11470.JPEG
314,0.00035507959546521306,./datasets/data/ILSVRC2012/train/n02233338/n02233338_7743.JPEG
315,0.004804668948054314,./datasets/data/ILSVRC2012/train/n02236044/n02236044_16319.JPEG
316,0.005254553630948067,./datasets/data/ILSVRC2012/train/n02256656/n02256656_7842.JPEG
317,0.008048662915825844,./datasets/data/ILSVRC2012/train/n02259212/n02259212_562.JPEG
318,0.006585508119314909,./datasets/data/ILSVRC2012/train/n02264363/n02264363_9577.JPEG
319,0.0064605483785271645,./datasets/data/ILSVRC2012/train/n02268443/n02268443_40708.JPEG
320,0.0050378842279314995,./datasets/data/ILSVRC2012/train/n02268853/n02268853_1020.JPEG
321,0.1068866029381752,./datasets/data/ILSVRC2012/train/n02276258/n02276258_11224.JPEG
322,0.005040294956415892,./datasets/data/ILSVRC2012/train/n02277742/n02277742_37009.JPEG
323,0.4004974961280823,./datasets/data/ILSVRC2012/train/n02279972/n02279972_6950.JPEG
324,0.049986861646175385,./datasets/data/ILSVRC2012/train/n02280649/n02280649_1138.JPEG
325,0.040428776293992996,./datasets/data/ILSVRC2012/train/n02281406/n02281406_2077.JPEG
326,0.004549231380224228,./datasets/data/ILSVRC2012/train/n02281787/n02281787_162.JPEG
327,0.007609773892909288,./datasets/data/ILSVRC2012/train/n02317335/n02317335_22091.JPEG
328,0.0016274601221084595,./datasets/data/ILSVRC2012/train/n02319095/n02319095_2381.JPEG
329,0.0031772726215422153,./datasets/data/ILSVRC2012/train/n02321529/n02321529_5226.JPEG
330,0.0012704080436378717,./datasets/data/ILSVRC2012/train/n02325366/n02325366_4566.JPEG
331,0.0018445128807798028,./datasets/data/ILSVRC2012/train/n02326432/n02326432_874.JPEG
332,0.03890109807252884,./datasets/data/ILSVRC2012/train/n02328150/n02328150_15395.JPEG
333,0.09434583783149719,./datasets/data/ILSVRC2012/train/n02342885/n02342885_3448.JPEG
334,0.009762372821569443,./datasets/data/ILSVRC2012/train/n02346627/n02346627_18630.JPEG
335,0.00034161892835982144,./datasets/data/ILSVRC2012/train/n02356798/n02356798_3042.JPEG
336,0.0022134329192340374,./datasets/data/ILSVRC2012/train/n02361337/n02361337_15152.JPEG
337,0.0007388705853372812,./datasets/data/ILSVRC2012/train/n02363005/n02363005_10060.JPEG
338,0.02716396003961563,./datasets/data/ILSVRC2012/train/n02364673/n02364673_7282.JPEG
339,0.09419160336256027,./datasets/data/ILSVRC2012/train/n02389026/n02389026_6195.JPEG
340,0.05723652243614197,./datasets/data/ILSVRC2012/train/n02391049/n02391049_7258.JPEG
341,0.00024031611974351108,./datasets/data/ILSVRC2012/train/n02395406/n02395406_37751.JPEG
342,0.0018669633427634835,./datasets/data/ILSVRC2012/train/n02396427/n02396427_39440.JPEG
343,0.00025852114777080715,./datasets/data/ILSVRC2012/train/n02397096/n02397096_2491.JPEG
344,0.008537106215953827,./datasets/data/ILSVRC2012/train/n02398521/n02398521_12927.JPEG
345,0.0005421857349574566,./datasets/data/ILSVRC2012/train/n02403003/n02403003_495.JPEG
346,0.003546191146597266,./datasets/data/ILSVRC2012/train/n02408429/n02408429_10070.JPEG
347,0.10887007415294647,./datasets/data/ILSVRC2012/train/n02410509/n02410509_2678.JPEG
348,0.0007316387491300702,./datasets/data/ILSVRC2012/train/n02412080/n02412080_8511.JPEG
349,0.013855358585715294,./datasets/data/ILSVRC2012/train/n02415577/n02415577_9482.JPEG
350,0.007972126826643944,./datasets/data/ILSVRC2012/train/n02417914/n02417914_803.JPEG
351,0.011854263953864574,./datasets/data/ILSVRC2012/train/n02422106/n02422106_4987.JPEG
352,0.0030413141939789057,./datasets/data/ILSVRC2012/train/n02422699/n02422699_38202.JPEG
353,0.00401933491230011,./datasets/data/ILSVRC2012/train/n02423022/n02423022_5047.JPEG
354,0.030418546870350838,./datasets/data/ILSVRC2012/train/n02437312/n02437312_3248.JPEG
355,0.0022218204103410244,./datasets/data/ILSVRC2012/train/n02437616/n02437616_1442.JPEG
356,0.0005320503260008991,./datasets/data/ILSVRC2012/train/n02441942/n02441942_2434.JPEG
357,0.000702870253007859,./datasets/data/ILSVRC2012/train/n02442845/n02442845_31144.JPEG
358,5.269476605462842e-05,./datasets/data/ILSVRC2012/train/n02443114/n02443114_9669.JPEG
359,0.005095529370009899,./datasets/data/ILSVRC2012/train/n02443484/n02443484_11894.JPEG
360,0.006786733400076628,./datasets/data/ILSVRC2012/train/n02444819/n02444819_1525.JPEG
361,0.008089014329016209,./datasets/data/ILSVRC2012/train/n02445715/n02445715_30669.JPEG
362,0.0007467011455446482,./datasets/data/ILSVRC2012/train/n02447366/n02447366_26855.JPEG
363,0.0023731545079499483,./datasets/data/ILSVRC2012/train/n02454379/n02454379_16930.JPEG
364,0.07209755480289459,./datasets/data/ILSVRC2012/train/n02457408/n02457408_13933.JPEG
365,0.026482025161385536,./datasets/data/ILSVRC2012/train/n02480495/n02480495_3458.JPEG
366,0.020819051191210747,./datasets/data/ILSVRC2012/train/n02480855/n02480855_17626.JPEG
367,0.0008096505189314485,./datasets/data/ILSVRC2012/train/n02481823/n02481823_5491.JPEG
368,0.00116451655048877,./datasets/data/ILSVRC2012/train/n02483362/n02483362_5916.JPEG
369,0.0011685161152854562,./datasets/data/ILSVRC2012/train/n02483708/n02483708_5108.JPEG
370,0.0005070982733741403,./datasets/data/ILSVRC2012/train/n02484975/n02484975_424.JPEG
371,0.0009155703010037541,./datasets/data/ILSVRC2012/train/n02486261/n02486261_11600.JPEG
372,0.0008334129233844578,./datasets/data/ILSVRC2012/train/n02486410/n02486410_357.JPEG
373,0.0005886489525437355,./datasets/data/ILSVRC2012/train/n02487347/n02487347_2402.JPEG
374,0.000791597762145102,./datasets/data/ILSVRC2012/train/n02488291/n02488291_6693.JPEG
375,0.005748274270445108,./datasets/data/ILSVRC2012/train/n02488702/n02488702_3966.JPEG
376,0.012577716261148453,./datasets/data/ILSVRC2012/train/n02489166/n02489166_9614.JPEG
377,0.0016017385059967637,./datasets/data/ILSVRC2012/train/n02490219/n02490219_1598.JPEG
378,0.0014232425019145012,./datasets/data/ILSVRC2012/train/n02492035/n02492035_6188.JPEG
379,0.0038037702906876802,./datasets/data/ILSVRC2012/train/n02492660/n02492660_293.JPEG
380,0.00012705347035080194,./datasets/data/ILSVRC2012/train/n02493509/n02493509_10514.JPEG
381,0.0020242645405232906,./datasets/data/ILSVRC2012/train/n02493793/n02493793_6583.JPEG
382,0.0010091887088492513,./datasets/data/ILSVRC2012/train/n02494079/n02494079_9740.JPEG
383,0.0027517760172486305,./datasets/data/ILSVRC2012/train/n02497673/n02497673_6412.JPEG
384,0.0015360949328169227,./datasets/data/ILSVRC2012/train/n02500267/n02500267_11349.JPEG
385,0.0015538828447461128,./datasets/data/ILSVRC2012/train/n02504013/n02504013_5261.JPEG
386,0.00907974038273096,./datasets/data/ILSVRC2012/train/n02504458/n02504458_4981.JPEG
387,0.13691119849681854,./datasets/data/ILSVRC2012/train/n02509815/n02509815_8540.JPEG
388,0.04339297115802765,./datasets/data/ILSVRC2012/train/n02510455/n02510455_12372.JPEG
389,0.012778772041201591,./datasets/data/ILSVRC2012/train/n02514041/n02514041_3138.JPEG
390,0.0006587516982108355,./datasets/data/ILSVRC2012/train/n02526121/n02526121_24872.JPEG
391,0.006985847372561693,./datasets/data/ILSVRC2012/train/n02536864/n02536864_23758.JPEG
392,0.002394051058217883,./datasets/data/ILSVRC2012/train/n02606052/n02606052_18885.JPEG
393,0.00504213385283947,./datasets/data/ILSVRC2012/train/n02607072/n02607072_3362.JPEG
394,0.003753434866666794,./datasets/data/ILSVRC2012/train/n02640242/n02640242_30861.JPEG
395,0.000960918259806931,./datasets/data/ILSVRC2012/train/n02641379/n02641379_9565.JPEG
396,0.003723269095644355,./datasets/data/ILSVRC2012/train/n02643566/n02643566_7523.JPEG
397,0.008714699186384678,./datasets/data/ILSVRC2012/train/n02655020/n02655020_3710.JPEG
398,0.008599305525422096,./datasets/data/ILSVRC2012/train/n02666196/n02666196_28693.JPEG
399,0.0007160999812185764,./datasets/data/ILSVRC2012/train/n02667093/n02667093_4663.JPEG
400,0.0008220442105084658,./datasets/data/ILSVRC2012/train/n02669723/n02669723_818.JPEG
401,0.0033020421396940947,./datasets/data/ILSVRC2012/train/n02672831/n02672831_2198.JPEG
402,0.0005447471630759537,./datasets/data/ILSVRC2012/train/n02676566/n02676566_8859.JPEG
403,0.003629801096394658,./datasets/data/ILSVRC2012/train/n02687172/n02687172_773.JPEG
404,0.039197713136672974,./datasets/data/ILSVRC2012/train/n02690373/n02690373_3537.JPEG
405,0.0007772448007017374,./datasets/data/ILSVRC2012/train/n02692877/n02692877_37230.JPEG
406,0.002433113055303693,./datasets/data/ILSVRC2012/train/n02699494/n02699494_9332.JPEG
407,0.0030421954579651356,./datasets/data/ILSVRC2012/train/n02701002/n02701002_21523.JPEG
408,0.001145177986472845,./datasets/data/ILSVRC2012/train/n02704792/n02704792_8721.JPEG
409,0.00111050542909652,./datasets/data/ILSVRC2012/train/n02708093/n02708093_6723.JPEG
410,0.007744007743895054,./datasets/data/ILSVRC2012/train/n02727426/n02727426_4895.JPEG
411,0.0007153486367315054,./datasets/data/ILSVRC2012/train/n02730930/n02730930_6547.JPEG
412,0.00028033810667693615,./datasets/data/ILSVRC2012/train/n02747177/n02747177_38232.JPEG
413,0.002021486172452569,./datasets/data/ILSVRC2012/train/n02749479/n02749479_2680.JPEG
414,0.0016070859273895621,./datasets/data/ILSVRC2012/train/n02769748/n02769748_103175.JPEG
415,0.00022226280998438597,./datasets/data/ILSVRC2012/train/n02776631/n02776631_7629.JPEG
416,0.002648324705660343,./datasets/data/ILSVRC2012/train/n02777292/n02777292_14443.JPEG
417,0.0011892872862517834,./datasets/data/ILSVRC2012/train/n02782093/n02782093_3356.JPEG
418,0.0021107690408825874,./datasets/data/ILSVRC2012/train/n02783161/n02783161_7.JPEG
419,0.00014973005454521626,./datasets/data/ILSVRC2012/train/n02786058/n02786058_11069.JPEG
420,0.0034817871637642384,./datasets/data/ILSVRC2012/train/n02787622/n02787622_1676.JPEG
421,0.0008658168953843415,./datasets/data/ILSVRC2012/train/n02788148/n02788148_47310.JPEG
422,7.928473496576771e-05,./datasets/data/ILSVRC2012/train/n02790996/n02790996_3112.JPEG
423,0.0045582614839077,./datasets/data/ILSVRC2012/train/n02791124/n02791124_2600.JPEG
424,0.0031635568011552095,./datasets/data/ILSVRC2012/train/n02791270/n02791270_8915.JPEG
425,0.016031814739108086,./datasets/data/ILSVRC2012/train/n02793495/n02793495_14959.JPEG
426,0.0006385744200088084,./datasets/data/ILSVRC2012/train/n02794156/n02794156_12224.JPEG
427,0.00015428100596182048,./datasets/data/ILSVRC2012/train/n02795169/n02795169_28270.JPEG
428,0.00047887529945001006,./datasets/data/ILSVRC2012/train/n02797295/n02797295_9616.JPEG
429,0.000707288330886513,./datasets/data/ILSVRC2012/train/n02799071/n02799071_1742.JPEG
430,0.001136028440669179,./datasets/data/ILSVRC2012/train/n02802426/n02802426_21021.JPEG
431,0.00045189232332631946,./datasets/data/ILSVRC2012/train/n02804414/n02804414_4143.JPEG
432,0.005861883517354727,./datasets/data/ILSVRC2012/train/n02804610/n02804610_16096.JPEG
433,0.00010656334779923782,./datasets/data/ILSVRC2012/train/n02807133/n02807133_721.JPEG
434,0.00024980073794722557,./datasets/data/ILSVRC2012/train/n02808304/n02808304_4773.JPEG
435,1.3370088709052652e-05,./datasets/data/ILSVRC2012/train/n02808440/n02808440_5478.JPEG
436,0.004164299461990595,./datasets/data/ILSVRC2012/train/n02814533/n02814533_33913.JPEG
437,0.0007438517059199512,./datasets/data/ILSVRC2012/train/n02814860/n02814860_10678.JPEG
438,0.0006075935089029372,./datasets/data/ILSVRC2012/train/n02815834/n02815834_13496.JPEG
439,0.004109871573746204,./datasets/data/ILSVRC2012/train/n02817516/n02817516_62869.JPEG
440,0.0012228150153532624,./datasets/data/ILSVRC2012/train/n02823428/n02823428_1251.JPEG
441,0.00039060955168679357,./datasets/data/ILSVRC2012/train/n02823750/n02823750_12188.JPEG
442,0.012083268724381924,./datasets/data/ILSVRC2012/train/n02825657/n02825657_13409.JPEG
443,0.0015329335583373904,./datasets/data/ILSVRC2012/train/n02834397/n02834397_740.JPEG
444,0.007538058329373598,./datasets/data/ILSVRC2012/train/n02835271/n02835271_9566.JPEG
445,0.0007977067725732923,./datasets/data/ILSVRC2012/train/n02837789/n02837789_33449.JPEG
446,0.00011833332246169448,./datasets/data/ILSVRC2012/train/n02840245/n02840245_9511.JPEG
447,0.000690873246639967,./datasets/data/ILSVRC2012/train/n02841315/n02841315_9326.JPEG
448,0.0017392720328643918,./datasets/data/ILSVRC2012/train/n02843684/n02843684_50891.JPEG
449,0.0011805342510342598,./datasets/data/ILSVRC2012/train/n02859443/n02859443_10906.JPEG
450,0.0075478320941329,./datasets/data/ILSVRC2012/train/n02860847/n02860847_5767.JPEG
451,0.008454719558358192,./datasets/data/ILSVRC2012/train/n02865351/n02865351_1923.JPEG
452,0.000628763809800148,./datasets/data/ILSVRC2012/train/n02869837/n02869837_15428.JPEG
453,0.00300456746481359,./datasets/data/ILSVRC2012/train/n02870880/n02870880_7567.JPEG
454,0.00029250094667077065,./datasets/data/ILSVRC2012/train/n02871525/n02871525_9599.JPEG
455,0.0009398904512636364,./datasets/data/ILSVRC2012/train/n02877765/n02877765_13695.JPEG
456,0.009883937425911427,./datasets/data/ILSVRC2012/train/n02879718/n02879718_21112.JPEG
457,0.0002942643768619746,./datasets/data/ILSVRC2012/train/n02883205/n02883205_2029.JPEG
458,0.0036793830804526806,./datasets/data/ILSVRC2012/train/n02892201/n02892201_30726.JPEG
459,0.000510243873577565,./datasets/data/ILSVRC2012/train/n02892767/n02892767_14077.JPEG
460,0.0006226152763701975,./datasets/data/ILSVRC2012/train/n02894605/n02894605_65668.JPEG
461,0.005519538652151823,./datasets/data/ILSVRC2012/train/n02895154/n02895154_39309.JPEG
462,0.00012539411545731127,./datasets/data/ILSVRC2012/train/n02906734/n02906734_17578.JPEG
463,0.0004155382339376956,./datasets/data/ILSVRC2012/train/n02909870/n02909870_1949.JPEG
464,0.0010809883242473006,./datasets/data/ILSVRC2012/train/n02910353/n02910353_1441.JPEG
465,0.0055827489122748375,./datasets/data/ILSVRC2012/train/n02916936/n02916936_1568.JPEG
466,0.0151771055534482,./datasets/data/ILSVRC2012/train/n02917067/n02917067_13566.JPEG
467,0.0031950282864272594,./datasets/data/ILSVRC2012/train/n02927161/n02927161_11610.JPEG
468,0.0002582013257779181,./datasets/data/ILSVRC2012/train/n02930766/n02930766_52201.JPEG
469,0.00015084132610354573,./datasets/data/ILSVRC2012/train/n02939185/n02939185_21183.JPEG
470,9.726910502649844e-05,./datasets/data/ILSVRC2012/train/n02948072/n02948072_2390.JPEG
471,0.0037546679377555847,./datasets/data/ILSVRC2012/train/n02950826/n02950826_4885.JPEG
472,0.0009490791708230972,./datasets/data/ILSVRC2012/train/n02951358/n02951358_6599.JPEG
473,0.0001670977071626112,./datasets/data/ILSVRC2012/train/n02951585/n02951585_12720.JPEG
474,0.007735461927950382,./datasets/data/ILSVRC2012/train/n02963159/n02963159_9557.JPEG
475,0.007111408747732639,./datasets/data/ILSVRC2012/train/n02965783/n02965783_5138.JPEG
476,0.0038226416800171137,./datasets/data/ILSVRC2012/train/n02966193/n02966193_17720.JPEG
477,0.0016823168843984604,./datasets/data/ILSVRC2012/train/n02966687/n02966687_2881.JPEG
478,0.0007139666704460979,./datasets/data/ILSVRC2012/train/n02971356/n02971356_36698.JPEG
479,0.0003335961082484573,./datasets/data/ILSVRC2012/train/n02974003/n02974003_1226.JPEG
480,0.0014749816618859768,./datasets/data/ILSVRC2012/train/n02977058/n02977058_26956.JPEG
481,0.0008880700916051865,./datasets/data/ILSVRC2012/train/n02978881/n02978881_11946.JPEG
482,0.0012367370072752237,./datasets/data/ILSVRC2012/train/n02979186/n02979186_10097.JPEG
483,0.0012395043158903718,./datasets/data/ILSVRC2012/train/n02980441/n02980441_43682.JPEG
484,0.0005176434060558677,./datasets/data/ILSVRC2012/train/n02981792/n02981792_11119.JPEG
485,0.0021935198456048965,./datasets/data/ILSVRC2012/train/n02988304/n02988304_10913.JPEG
486,0.0012298038927838206,./datasets/data/ILSVRC2012/train/n02992211/n02992211_27537.JPEG
487,0.00037341401912271976,./datasets/data/ILSVRC2012/train/n02992529/n02992529_23516.JPEG
488,0.00045395694905892015,./datasets/data/ILSVRC2012/train/n02999410/n02999410_10418.JPEG
489,0.00015209733101073653,./datasets/data/ILSVRC2012/train/n03000134/n03000134_3396.JPEG
490,0.003983446396887302,./datasets/data/ILSVRC2012/train/n03000247/n03000247_61251.JPEG
491,0.0009944966295734048,./datasets/data/ILSVRC2012/train/n03000684/n03000684_14083.JPEG
492,0.00201632222160697,./datasets/data/ILSVRC2012/train/n03014705/n03014705_8787.JPEG
493,0.00559955183416605,./datasets/data/ILSVRC2012/train/n03016953/n03016953_20950.JPEG
494,0.0010715315584093332,./datasets/data/ILSVRC2012/train/n03017168/n03017168_922.JPEG
495,0.008228732272982597,./datasets/data/ILSVRC2012/train/n03018349/n03018349_9865.JPEG
496,0.004407883621752262,./datasets/data/ILSVRC2012/train/n03026506/n03026506_4105.JPEG
497,0.0003477075370028615,./datasets/data/ILSVRC2012/train/n03028079/n03028079_23987.JPEG
498,0.003267635591328144,./datasets/data/ILSVRC2012/train/n03032252/n03032252_36544.JPEG
499,1.3807359209749848e-05,./datasets/data/ILSVRC2012/train/n03041632/n03041632_85416.JPEG
500,0.02939631976187229,./datasets/data/ILSVRC2012/train/n03042490/n03042490_1673.JPEG
501,6.857909465907142e-05,./datasets/data/ILSVRC2012/train/n03045698/n03045698_10947.JPEG
502,0.0003636406909208745,./datasets/data/ILSVRC2012/train/n03047690/n03047690_8896.JPEG
503,0.0007168044103309512,./datasets/data/ILSVRC2012/train/n03062245/n03062245_9425.JPEG
504,0.0006542073679156601,./datasets/data/ILSVRC2012/train/n03063599/n03063599_2036.JPEG
505,0.00010332910460419953,./datasets/data/ILSVRC2012/train/n03063689/n03063689_10542.JPEG
506,0.002623125212267041,./datasets/data/ILSVRC2012/train/n03065424/n03065424_4819.JPEG
507,0.0008367022383026779,./datasets/data/ILSVRC2012/train/n03075370/n03075370_2608.JPEG
508,0.00038747559301555157,./datasets/data/ILSVRC2012/train/n03085013/n03085013_21025.JPEG
509,0.0035671561490744352,./datasets/data/ILSVRC2012/train/n03089624/n03089624_56604.JPEG
510,0.001168128103017807,./datasets/data/ILSVRC2012/train/n03095699/n03095699_20441.JPEG
511,0.0009157012100331485,./datasets/data/ILSVRC2012/train/n03100240/n03100240_1248.JPEG
512,2.7854417567141354e-05,./datasets/data/ILSVRC2012/train/n03109150/n03109150_9321.JPEG
513,0.001077024033293128,./datasets/data/ILSVRC2012/train/n03110669/n03110669_140461.JPEG
514,0.00012132841220591217,./datasets/data/ILSVRC2012/train/n03124043/n03124043_8332.JPEG
515,9.835548553382978e-07,./datasets/data/ILSVRC2012/train/n03124170/n03124170_9267.JPEG
516,0.0007325253682211041,./datasets/data/ILSVRC2012/train/n03125729/n03125729_6178.JPEG
517,0.001051075174473226,./datasets/data/ILSVRC2012/train/n03126707/n03126707_14069.JPEG
518,0.0001403701608069241,./datasets/data/ILSVRC2012/train/n03127747/n03127747_3010.JPEG
519,0.0019344092579558492,./datasets/data/ILSVRC2012/train/n03127925/n03127925_11307.JPEG
520,0.000780367583502084,./datasets/data/ILSVRC2012/train/n03131574/n03131574_41349.JPEG
521,0.0021340548992156982,./datasets/data/ILSVRC2012/train/n03133878/n03133878_11609.JPEG
522,0.007672494277358055,./datasets/data/ILSVRC2012/train/n03134739/n03134739_4106.JPEG
523,0.00011473267659312114,./datasets/data/ILSVRC2012/train/n03141823/n03141823_2000.JPEG
524,0.0006476581329479814,./datasets/data/ILSVRC2012/train/n03146219/n03146219_8495.JPEG
525,0.0022472806740552187,./datasets/data/ILSVRC2012/train/n03160309/n03160309_28671.JPEG
526,0.0005334236193448305,./datasets/data/ILSVRC2012/train/n03179701/n03179701_1787.JPEG
527,0.0016725679161027074,./datasets/data/ILSVRC2012/train/n03180011/n03180011_11135.JPEG
528,0.0019602212123572826,./datasets/data/ILSVRC2012/train/n03187595/n03187595_10383.JPEG
529,0.0019169175066053867,./datasets/data/ILSVRC2012/train/n03188531/n03188531_14219.JPEG
530,0.00045427732402458787,./datasets/data/ILSVRC2012/train/n03196217/n03196217_4361.JPEG
531,0.002041131490841508,./datasets/data/ILSVRC2012/train/n03197337/n03197337_6061.JPEG
532,0.0021218317560851574,./datasets/data/ILSVRC2012/train/n03201208/n03201208_22825.JPEG
533,0.0654672384262085,./datasets/data/ILSVRC2012/train/n03207743/n03207743_11673.JPEG
534,0.0007941099465824664,./datasets/data/ILSVRC2012/train/n03207941/n03207941_10978.JPEG
535,0.006252341438084841,./datasets/data/ILSVRC2012/train/n03208938/n03208938_11596.JPEG
536,0.00024414696963503957,./datasets/data/ILSVRC2012/train/n03216828/n03216828_29894.JPEG
537,0.015115832909941673,./datasets/data/ILSVRC2012/train/n03218198/n03218198_22754.JPEG
538,0.003881624434143305,./datasets/data/ILSVRC2012/train/n03220513/n03220513_20275.JPEG
539,9.236774349119514e-05,./datasets/data/ILSVRC2012/train/n03223299/n03223299_1418.JPEG
540,0.007025220897048712,./datasets/data/ILSVRC2012/train/n03240683/n03240683_3732.JPEG
541,9.262091771233827e-05,./datasets/data/ILSVRC2012/train/n03249569/n03249569_55283.JPEG
542,0.00037098454777151346,./datasets/data/ILSVRC2012/train/n03250847/n03250847_24433.JPEG
543,0.00035774416755884886,./datasets/data/ILSVRC2012/train/n03255030/n03255030_10007.JPEG
544,0.0030391067266464233,./datasets/data/ILSVRC2012/train/n03259280/n03259280_14363.JPEG
545,0.00019103569502476603,./datasets/data/ILSVRC2012/train/n03271574/n03271574_26453.JPEG
546,0.00029937413637526333,./datasets/data/ILSVRC2012/train/n03272010/n03272010_780.JPEG
547,0.004934041295200586,./datasets/data/ILSVRC2012/train/n03272562/n03272562_18215.JPEG
548,0.002492234343662858,./datasets/data/ILSVRC2012/train/n03290653/n03290653_11103.JPEG
549,0.0016658216482028365,./datasets/data/ILSVRC2012/train/n03291819/n03291819_17000.JPEG
550,0.0027845650911331177,./datasets/data/ILSVRC2012/train/n03297495/n03297495_604.JPEG
551,0.002018284983932972,./datasets/data/ILSVRC2012/train/n03314780/n03314780_7919.JPEG
552,0.0015625000232830644,./datasets/data/ILSVRC2012/train/n03325584/n03325584_10071.JPEG
553,0.0006782448035664856,./datasets/data/ILSVRC2012/train/n03337140/n03337140_37538.JPEG
554,0.0014668060466647148,./datasets/data/ILSVRC2012/train/n03344393/n03344393_2715.JPEG
555,0.005635562818497419,./datasets/data/ILSVRC2012/train/n03345487/n03345487_9095.JPEG
556,0.0024290287401527166,./datasets/data/ILSVRC2012/train/n03347037/n03347037_4956.JPEG
557,0.00022269792680162936,./datasets/data/ILSVRC2012/train/n03355925/n03355925_1599.JPEG
558,0.00028074620058760047,./datasets/data/ILSVRC2012/train/n03372029/n03372029_7909.JPEG
559,0.00048200186574831605,./datasets/data/ILSVRC2012/train/n03376595/n03376595_9650.JPEG
560,0.1522059440612793,./datasets/data/ILSVRC2012/train/n03379051/n03379051_6524.JPEG
561,8.555914246244356e-05,./datasets/data/ILSVRC2012/train/n03384352/n03384352_2120.JPEG
562,0.023994529619812965,./datasets/data/ILSVRC2012/train/n03388043/n03388043_7015.JPEG
563,0.0005231507821008563,./datasets/data/ILSVRC2012/train/n03388183/n03388183_5155.JPEG
564,0.004894450306892395,./datasets/data/ILSVRC2012/train/n03388549/n03388549_3208.JPEG
565,0.0019799687433987856,./datasets/data/ILSVRC2012/train/n03393912/n03393912_3891.JPEG
566,0.002761102980002761,./datasets/data/ILSVRC2012/train/n03394916/n03394916_36535.JPEG
567,3.981102054240182e-05,./datasets/data/ILSVRC2012/train/n03400231/n03400231_6045.JPEG
568,0.00015768430603202432,./datasets/data/ILSVRC2012/train/n03404251/n03404251_9726.JPEG
569,0.0007691709906794131,./datasets/data/ILSVRC2012/train/n03417042/n03417042_7764.JPEG
570,0.00011512990022310987,./datasets/data/ILSVRC2012/train/n03424325/n03424325_2836.JPEG
571,0.0008031164761632681,./datasets/data/ILSVRC2012/train/n03425413/n03425413_14420.JPEG
572,6.64828039589338e-05,./datasets/data/ILSVRC2012/train/n03443371/n03443371_823.JPEG
573,0.006249923259019852,./datasets/data/ILSVRC2012/train/n03444034/n03444034_7076.JPEG
574,0.007956529036164284,./datasets/data/ILSVRC2012/train/n03445777/n03445777_14533.JPEG
575,0.0009260827791877091,./datasets/data/ILSVRC2012/train/n03445924/n03445924_12836.JPEG
576,0.00182917935308069,./datasets/data/ILSVRC2012/train/n03447447/n03447447_4904.JPEG
577,0.0013792903628200293,./datasets/data/ILSVRC2012/train/n03447721/n03447721_15444.JPEG
578,0.00019872887060046196,./datasets/data/ILSVRC2012/train/n03450230/n03450230_9150.JPEG
579,9.709614460007288e-06,./datasets/data/ILSVRC2012/train/n03452741/n03452741_3931.JPEG
580,0.0010054658632725477,./datasets/data/ILSVRC2012/train/n03457902/n03457902_4781.JPEG
581,0.0007029104162938893,./datasets/data/ILSVRC2012/train/n03459775/n03459775_17710.JPEG
582,0.0029608355835080147,./datasets/data/ILSVRC2012/train/n03461385/n03461385_275.JPEG
583,0.0010538621572777629,./datasets/data/ILSVRC2012/train/n03467068/n03467068_9767.JPEG
584,0.0009414856904186308,./datasets/data/ILSVRC2012/train/n03476684/n03476684_14987.JPEG
585,0.00015571534459013492,./datasets/data/ILSVRC2012/train/n03476991/n03476991_9362.JPEG
586,0.0035711710806936026,./datasets/data/ILSVRC2012/train/n03478589/n03478589_8674.JPEG
587,2.357874473091215e-05,./datasets/data/ILSVRC2012/train/n03481172/n03481172_896.JPEG
588,0.0048131756484508514,./datasets/data/ILSVRC2012/train/n03482405/n03482405_33002.JPEG
589,1.6952124497038312e-05,./datasets/data/ILSVRC2012/train/n03483316/n03483316_2009.JPEG
590,0.004611798096448183,./datasets/data/ILSVRC2012/train/n03485407/n03485407_9661.JPEG
591,0.0006155825685709715,./datasets/data/ILSVRC2012/train/n03485794/n03485794_928.JPEG
592,0.0016469784313812852,./datasets/data/ILSVRC2012/train/n03492542/n03492542_34770.JPEG
593,0.002893716562539339,./datasets/data/ILSVRC2012/train/n03494278/n03494278_33088.JPEG
594,0.05919292941689491,./datasets/data/ILSVRC2012/train/n03495258/n03495258_14917.JPEG
595,0.0008847284479998052,./datasets/data/ILSVRC2012/train/n03496892/n03496892_13824.JPEG
596,0.0004969834699295461,./datasets/data/ILSVRC2012/train/n03498962/n03498962_13399.JPEG
597,0.00165258115157485,./datasets/data/ILSVRC2012/train/n03527444/n03527444_26733.JPEG
598,0.0003439586434978992,./datasets/data/ILSVRC2012/train/n03529860/n03529860_3348.JPEG
599,0.002264354145154357,./datasets/data/ILSVRC2012/train/n03530642/n03530642_36335.JPEG
600,4.7205863666022196e-05,./datasets/data/ILSVRC2012/train/n03532672/n03532672_5757.JPEG
601,0.001096627558581531,./datasets/data/ILSVRC2012/train/n03534580/n03534580_10183.JPEG
602,0.0006165718659758568,./datasets/data/ILSVRC2012/train/n03535780/n03535780_16239.JPEG
603,0.002262891735881567,./datasets/data/ILSVRC2012/train/n03538406/n03538406_2896.JPEG
604,0.0017683904152363539,./datasets/data/ILSVRC2012/train/n03544143/n03544143_13877.JPEG
605,0.0020258892327547073,./datasets/data/ILSVRC2012/train/n03584254/n03584254_7052.JPEG
606,9.54577189986594e-05,./datasets/data/ILSVRC2012/train/n03584829/n03584829_23710.JPEG
607,0.40283095836639404,./datasets/data/ILSVRC2012/train/n03590841/n03590841_534.JPEG
608,0.00025931396521627903,./datasets/data/ILSVRC2012/train/n03594734/n03594734_25028.JPEG
609,0.008658021688461304,./datasets/data/ILSVRC2012/train/n03594945/n03594945_2945.JPEG
610,0.0035224922467023134,./datasets/data/ILSVRC2012/train/n03595614/n03595614_3847.JPEG
611,0.0008590093930251896,./datasets/data/ILSVRC2012/train/n03598930/n03598930_7221.JPEG
612,0.03244699537754059,./datasets/data/ILSVRC2012/train/n03599486/n03599486_11335.JPEG
613,0.00012763490667566657,./datasets/data/ILSVRC2012/train/n03602883/n03602883_22081.JPEG
614,0.0013094175374135375,./datasets/data/ILSVRC2012/train/n03617480/n03617480_8000.JPEG
615,0.0011541363783180714,./datasets/data/ILSVRC2012/train/n03623198/n03623198_10734.JPEG
616,0.00019956273899879307,./datasets/data/ILSVRC2012/train/n03627232/n03627232_34521.JPEG
617,0.0009087203070521355,./datasets/data/ILSVRC2012/train/n03630383/n03630383_9562.JPEG
618,0.00016851704276632518,./datasets/data/ILSVRC2012/train/n03633091/n03633091_19876.JPEG
619,3.359888432896696e-05,./datasets/data/ILSVRC2012/train/n03637318/n03637318_29689.JPEG
620,0.0012988289818167686,./datasets/data/ILSVRC2012/train/n03642806/n03642806_12756.JPEG
621,0.001521577243693173,./datasets/data/ILSVRC2012/train/n03649909/n03649909_6379.JPEG
622,0.00024524476611986756,./datasets/data/ILSVRC2012/train/n03657121/n03657121_12913.JPEG
623,0.0008986809407360852,./datasets/data/ILSVRC2012/train/n03658185/n03658185_37515.JPEG
624,0.0005610177759081125,./datasets/data/ILSVRC2012/train/n03661043/n03661043_870.JPEG
625,0.003080587601289153,./datasets/data/ILSVRC2012/train/n03662601/n03662601_12581.JPEG
626,0.00029593781800940633,./datasets/data/ILSVRC2012/train/n03666591/n03666591_34093.JPEG
627,0.020978782325983047,./datasets/data/ILSVRC2012/train/n03670208/n03670208_122.JPEG
628,0.0015736051136627793,./datasets/data/ILSVRC2012/train/n03673027/n03673027_23876.JPEG
629,0.0008333444711752236,./datasets/data/ILSVRC2012/train/n03676483/n03676483_30013.JPEG
630,0.0011437591165304184,./datasets/data/ILSVRC2012/train/n03680355/n03680355_14849.JPEG
631,0.0011195976985618472,./datasets/data/ILSVRC2012/train/n03690938/n03690938_12077.JPEG
632,0.0002605215413495898,./datasets/data/ILSVRC2012/train/n03691459/n03691459_62626.JPEG
633,0.0006818437832407653,./datasets/data/ILSVRC2012/train/n03692522/n03692522_24314.JPEG
634,0.0016958938213065267,./datasets/data/ILSVRC2012/train/n03697007/n03697007_4456.JPEG
635,0.015224077738821507,./datasets/data/ILSVRC2012/train/n03706229/n03706229_9965.JPEG
636,0.0009825490415096283,./datasets/data/ILSVRC2012/train/n03709823/n03709823_10815.JPEG
637,0.0003292954061180353,./datasets/data/ILSVRC2012/train/n03710193/n03710193_22420.JPEG
638,0.002121792873367667,./datasets/data/ILSVRC2012/train/n03710637/n03710637_15720.JPEG
639,0.000852965225931257,./datasets/data/ILSVRC2012/train/n03710721/n03710721_17547.JPEG
640,0.3888542354106903,./datasets/data/ILSVRC2012/train/n03717622/n03717622_12621.JPEG
641,1.9842138499370776e-05,./datasets/data/ILSVRC2012/train/n03720891/n03720891_7136.JPEG
642,0.027579694986343384,./datasets/data/ILSVRC2012/train/n03721384/n03721384_5881.JPEG
643,0.0017514311475679278,./datasets/data/ILSVRC2012/train/n03724870/n03724870_19212.JPEG
644,0.001437715021893382,./datasets/data/ILSVRC2012/train/n03729826/n03729826_1019.JPEG
645,0.05099659413099289,./datasets/data/ILSVRC2012/train/n03733131/n03733131_16793.JPEG
646,0.002394561655819416,./datasets/data/ILSVRC2012/train/n03733281/n03733281_27706.JPEG
647,0.004331150092184544,./datasets/data/ILSVRC2012/train/n03733805/n03733805_4407.JPEG
648,0.0013591148890554905,./datasets/data/ILSVRC2012/train/n03742115/n03742115_22065.JPEG
649,0.00309584429487586,./datasets/data/ILSVRC2012/train/n03743016/n03743016_13970.JPEG
650,2.194024455093313e-05,./datasets/data/ILSVRC2012/train/n03759954/n03759954_18946.JPEG
651,0.00024983345065265894,./datasets/data/ILSVRC2012/train/n03761084/n03761084_36508.JPEG
652,0.0001954027102328837,./datasets/data/ILSVRC2012/train/n03763968/n03763968_55.JPEG
653,0.0006361365667544305,./datasets/data/ILSVRC2012/train/n03764736/n03764736_9990.JPEG
654,0.0002035575162153691,./datasets/data/ILSVRC2012/train/n03769881/n03769881_8356.JPEG
655,0.0004433850117493421,./datasets/data/ILSVRC2012/train/n03770439/n03770439_3254.JPEG
656,0.00028527737595140934,./datasets/data/ILSVRC2012/train/n03770679/n03770679_4090.JPEG
657,0.002312181983143091,./datasets/data/ILSVRC2012/train/n03773504/n03773504_28808.JPEG
658,0.0034492972772568464,./datasets/data/ILSVRC2012/train/n03775071/n03775071_6834.JPEG
659,0.0003732395707629621,./datasets/data/ILSVRC2012/train/n03775546/n03775546_1501.JPEG
660,0.0021311233285814524,./datasets/data/ILSVRC2012/train/n03776460/n03776460_45832.JPEG
661,0.006068872753530741,./datasets/data/ILSVRC2012/train/n03777568/n03777568_1814.JPEG
662,0.000348990986822173,./datasets/data/ILSVRC2012/train/n03777754/n03777754_720.JPEG
663,0.0011870067100971937,./datasets/data/ILSVRC2012/train/n03781244/n03781244_6840.JPEG
664,0.0007282792939804494,./datasets/data/ILSVRC2012/train/n03782006/n03782006_8327.JPEG
665,0.0009210280259139836,./datasets/data/ILSVRC2012/train/n03785016/n03785016_15648.JPEG
666,0.0005338484770618379,./datasets/data/ILSVRC2012/train/n03786901/n03786901_18283.JPEG
667,0.0001266290055355057,./datasets/data/ILSVRC2012/train/n03787032/n03787032_4606.JPEG
668,0.0024376073852181435,./datasets/data/ILSVRC2012/train/n03788195/n03788195_6487.JPEG
669,0.005949154496192932,./datasets/data/ILSVRC2012/train/n03788365/n03788365_12975.JPEG
670,0.0006718963268212974,./datasets/data/ILSVRC2012/train/n03791053/n03791053_2071.JPEG
671,0.0011756770545616746,./datasets/data/ILSVRC2012/train/n03792782/n03792782_1498.JPEG
672,0.02537383697926998,./datasets/data/ILSVRC2012/train/n03792972/n03792972_9020.JPEG
673,0.0005996802938170731,./datasets/data/ILSVRC2012/train/n03793489/n03793489_8743.JPEG
674,0.0010421853512525558,./datasets/data/ILSVRC2012/train/n03794056/n03794056_10101.JPEG
675,0.003506769658997655,./datasets/data/ILSVRC2012/train/n03796401/n03796401_2949.JPEG
676,0.0007120839436538517,./datasets/data/ILSVRC2012/train/n03803284/n03803284_23194.JPEG
677,0.0002503150899428874,./datasets/data/ILSVRC2012/train/n03804744/n03804744_3033.JPEG
678,1.2851272913394496e-05,./datasets/data/ILSVRC2012/train/n03814639/n03814639_16299.JPEG
679,0.017004160210490227,./datasets/data/ILSVRC2012/train/n03814906/n03814906_2302.JPEG
680,0.0001351103710476309,./datasets/data/ILSVRC2012/train/n03825788/n03825788_110087.JPEG
681,0.0005473842029459774,./datasets/data/ILSVRC2012/train/n03832673/n03832673_7154.JPEG
682,0.001369337784126401,./datasets/data/ILSVRC2012/train/n03837869/n03837869_743.JPEG
683,0.000647919368930161,./datasets/data/ILSVRC2012/train/n03838899/n03838899_34853.JPEG
684,0.0009081682655960321,./datasets/data/ILSVRC2012/train/n03840681/n03840681_22296.JPEG
685,0.006869038101285696,./datasets/data/ILSVRC2012/train/n03841143/n03841143_288.JPEG
686,0.003713963320478797,./datasets/data/ILSVRC2012/train/n03843555/n03843555_8960.JPEG
687,0.011617233045399189,./datasets/data/ILSVRC2012/train/n03854065/n03854065_8985.JPEG
688,0.0016501041827723384,./datasets/data/ILSVRC2012/train/n03857828/n03857828_10665.JPEG
689,0.0038937267381697893,./datasets/data/ILSVRC2012/train/n03866082/n03866082_16237.JPEG
690,0.019422408193349838,./datasets/data/ILSVRC2012/train/n03868242/n03868242_5994.JPEG
691,0.0016932812286540866,./datasets/data/ILSVRC2012/train/n03868863/n03868863_12202.JPEG
692,0.00041673853411339223,./datasets/data/ILSVRC2012/train/n03871628/n03871628_20994.JPEG
693,0.0005742321372963488,./datasets/data/ILSVRC2012/train/n03873416/n03873416_934.JPEG
694,0.01778821274638176,./datasets/data/ILSVRC2012/train/n03874293/n03874293_15531.JPEG
695,0.00029865221586078405,./datasets/data/ILSVRC2012/train/n03874599/n03874599_14058.JPEG
696,0.00044590351171791553,./datasets/data/ILSVRC2012/train/n03876231/n03876231_34235.JPEG
697,0.0015547244111075997,./datasets/data/ILSVRC2012/train/n03877472/n03877472_4309.JPEG
698,0.0004542598908301443,./datasets/data/ILSVRC2012/train/n03877845/n03877845_13772.JPEG
699,0.007718002423644066,./datasets/data/ILSVRC2012/train/n03884397/n03884397_14914.JPEG
700,1.0100236067955848e-05,./datasets/data/ILSVRC2012/train/n03887697/n03887697_1659.JPEG
701,0.006789559032768011,./datasets/data/ILSVRC2012/train/n03888257/n03888257_43169.JPEG
702,0.0006249160505831242,./datasets/data/ILSVRC2012/train/n03888605/n03888605_29244.JPEG
703,0.0007270359201356769,./datasets/data/ILSVRC2012/train/n03891251/n03891251_1724.JPEG
704,0.007328119594603777,./datasets/data/ILSVRC2012/train/n03891332/n03891332_1497.JPEG
705,0.0012327672448009253,./datasets/data/ILSVRC2012/train/n03895866/n03895866_90763.JPEG
706,0.001876923954114318,./datasets/data/ILSVRC2012/train/n03899768/n03899768_14367.JPEG
707,0.0014827335253357887,./datasets/data/ILSVRC2012/train/n03902125/n03902125_3814.JPEG
708,0.001132384641095996,./datasets/data/ILSVRC2012/train/n03903868/n03903868_20033.JPEG
709,0.0009603172075003386,./datasets/data/ILSVRC2012/train/n03908618/n03908618_4379.JPEG
710,0.0010490653803572059,./datasets/data/ILSVRC2012/train/n03908714/n03908714_7779.JPEG
711,0.0005535302334465086,./datasets/data/ILSVRC2012/train/n03916031/n03916031_4511.JPEG
712,0.0020559525582939386,./datasets/data/ILSVRC2012/train/n03920288/n03920288_445.JPEG
713,0.00388848758302629,./datasets/data/ILSVRC2012/train/n03924679/n03924679_12863.JPEG
714,0.00024969736114144325,./datasets/data/ILSVRC2012/train/n03929660/n03929660_23265.JPEG
715,0.001992627512663603,./datasets/data/ILSVRC2012/train/n03929855/n03929855_3330.JPEG
716,0.00153960264287889,./datasets/data/ILSVRC2012/train/n03930313/n03930313_3378.JPEG
717,0.0004658924590330571,./datasets/data/ILSVRC2012/train/n03930630/n03930630_5214.JPEG
718,0.0006529120728373528,./datasets/data/ILSVRC2012/train/n03933933/n03933933_7625.JPEG
719,0.002734077163040638,./datasets/data/ILSVRC2012/train/n03935335/n03935335_7826.JPEG
720,0.00016908331599552184,./datasets/data/ILSVRC2012/train/n03937543/n03937543_4452.JPEG
721,0.0029630037024617195,./datasets/data/ILSVRC2012/train/n03938244/n03938244_16247.JPEG
722,2.528839786464232e-06,./datasets/data/ILSVRC2012/train/n03942813/n03942813_6899.JPEG
723,0.009854322299361229,./datasets/data/ILSVRC2012/train/n03944341/n03944341_25963.JPEG
724,0.004674498923122883,./datasets/data/ILSVRC2012/train/n03947888/n03947888_11887.JPEG
725,0.0002801793743856251,./datasets/data/ILSVRC2012/train/n03950228/n03950228_31623.JPEG
726,0.004301392938941717,./datasets/data/ILSVRC2012/train/n03954731/n03954731_49686.JPEG
727,0.011913945898413658,./datasets/data/ILSVRC2012/train/n03956157/n03956157_34268.JPEG
728,0.001479645725339651,./datasets/data/ILSVRC2012/train/n03958227/n03958227_11553.JPEG
729,0.0034658489748835564,./datasets/data/ILSVRC2012/train/n03961711/n03961711_11824.JPEG
730,0.0008211312815546989,./datasets/data/ILSVRC2012/train/n03967562/n03967562_22875.JPEG
731,9.87457315204665e-05,./datasets/data/ILSVRC2012/train/n03970156/n03970156_680.JPEG
732,0.0001529220025986433,./datasets/data/ILSVRC2012/train/n03976467/n03976467_1078.JPEG
733,3.280861346866004e-05,./datasets/data/ILSVRC2012/train/n03976657/n03976657_79481.JPEG
734,0.004487744998186827,./datasets/data/ILSVRC2012/train/n03977966/n03977966_3403.JPEG
735,0.003637222805991769,./datasets/data/ILSVRC2012/train/n03980874/n03980874_250.JPEG
736,0.007967784069478512,./datasets/data/ILSVRC2012/train/n03982430/n03982430_28835.JPEG
737,0.0005701995105482638,./datasets/data/ILSVRC2012/train/n03983396/n03983396_18556.JPEG
738,0.0007354317931458354,./datasets/data/ILSVRC2012/train/n03991062/n03991062_25876.JPEG
739,0.005775660276412964,./datasets/data/ILSVRC2012/train/n03992509/n03992509_6750.JPEG
740,0.0009441516594961286,./datasets/data/ILSVRC2012/train/n03995372/n03995372_10266.JPEG
741,0.0033005625009536743,./datasets/data/ILSVRC2012/train/n03998194/n03998194_19943.JPEG
742,0.0011383873643353581,./datasets/data/ILSVRC2012/train/n04004767/n04004767_11751.JPEG
743,0.0005386534030549228,./datasets/data/ILSVRC2012/train/n04005630/n04005630_4859.JPEG
744,0.0008562204893678427,./datasets/data/ILSVRC2012/train/n04008634/n04008634_2632.JPEG
745,0.0039927600882947445,./datasets/data/ILSVRC2012/train/n04009552/n04009552_16432.JPEG
746,0.011871038936078548,./datasets/data/ILSVRC2012/train/n04019541/n04019541_5112.JPEG
747,4.2841023969231173e-05,./datasets/data/ILSVRC2012/train/n04023962/n04023962_27621.JPEG
748,0.0004181961703579873,./datasets/data/ILSVRC2012/train/n04026417/n04026417_6888.JPEG
749,0.0005810074508190155,./datasets/data/ILSVRC2012/train/n04033901/n04033901_6769.JPEG
750,0.0002701944322325289,./datasets/data/ILSVRC2012/train/n04033995/n04033995_49855.JPEG
751,0.00895735528320074,./datasets/data/ILSVRC2012/train/n04037443/n04037443_9339.JPEG
752,2.859501910279505e-05,./datasets/data/ILSVRC2012/train/n04039381/n04039381_52654.JPEG
753,0.0011863785330206156,./datasets/data/ILSVRC2012/train/n04040759/n04040759_433.JPEG
754,0.00020365438831504434,./datasets/data/ILSVRC2012/train/n04041544/n04041544_13206.JPEG
755,0.0023209473583847284,./datasets/data/ILSVRC2012/train/n04044716/n04044716_1652.JPEG
756,0.000976760289631784,./datasets/data/ILSVRC2012/train/n04049303/n04049303_568.JPEG
757,0.00027676159515976906,./datasets/data/ILSVRC2012/train/n04065272/n04065272_35363.JPEG
758,0.00018163502682000399,./datasets/data/ILSVRC2012/train/n04067472/n04067472_11462.JPEG
759,0.0002773994056042284,./datasets/data/ILSVRC2012/train/n04069434/n04069434_4949.JPEG
760,0.0007140884408727288,./datasets/data/ILSVRC2012/train/n04070727/n04070727_54634.JPEG
761,0.0008219856536015868,./datasets/data/ILSVRC2012/train/n04074963/n04074963_20881.JPEG
762,0.0003348441678099334,./datasets/data/ILSVRC2012/train/n04081281/n04081281_74052.JPEG
763,0.00059284403687343,./datasets/data/ILSVRC2012/train/n04086273/n04086273_27353.JPEG
764,0.0003998134343419224,./datasets/data/ILSVRC2012/train/n04090263/n04090263_30423.JPEG
765,0.008138362318277359,./datasets/data/ILSVRC2012/train/n04099969/n04099969_2812.JPEG
766,0.003732833778485656,./datasets/data/ILSVRC2012/train/n04111531/n04111531_13113.JPEG
767,0.001027713529765606,./datasets/data/ILSVRC2012/train/n04116512/n04116512_42122.JPEG
768,0.008285542950034142,./datasets/data/ILSVRC2012/train/n04118538/n04118538_1831.JPEG
769,0.0005603219615295529,./datasets/data/ILSVRC2012/train/n04118776/n04118776_64710.JPEG
770,8.966066525317729e-05,./datasets/data/ILSVRC2012/train/n04120489/n04120489_4692.JPEG
771,0.0002305304369656369,./datasets/data/ILSVRC2012/train/n04125021/n04125021_18273.JPEG
772,0.0029045110568404198,./datasets/data/ILSVRC2012/train/n04127249/n04127249_1471.JPEG
773,0.007683215197175741,./datasets/data/ILSVRC2012/train/n04131690/n04131690_15512.JPEG
774,0.002890737261623144,./datasets/data/ILSVRC2012/train/n04133789/n04133789_1226.JPEG
775,0.0013041069032624364,./datasets/data/ILSVRC2012/train/n04136333/n04136333_14520.JPEG
776,0.00417008250951767,./datasets/data/ILSVRC2012/train/n04141076/n04141076_48411.JPEG
777,0.0002782871015369892,./datasets/data/ILSVRC2012/train/n04141327/n04141327_7493.JPEG
778,0.00029452535090968013,./datasets/data/ILSVRC2012/train/n04141975/n04141975_45178.JPEG
779,0.03797769919037819,./datasets/data/ILSVRC2012/train/n04146614/n04146614_11333.JPEG
780,0.0005965532036498189,./datasets/data/ILSVRC2012/train/n04147183/n04147183_8543.JPEG
781,0.003922428470104933,./datasets/data/ILSVRC2012/train/n04149813/n04149813_273.JPEG
782,0.0005957476096227765,./datasets/data/ILSVRC2012/train/n04152593/n04152593_31304.JPEG
783,0.0006733473273925483,./datasets/data/ILSVRC2012/train/n04153751/n04153751_32999.JPEG
784,0.00013941551151219755,./datasets/data/ILSVRC2012/train/n04154565/n04154565_12873.JPEG
785,0.015396231785416603,./datasets/data/ILSVRC2012/train/n04162706/n04162706_20839.JPEG
786,0.001486061722971499,./datasets/data/ILSVRC2012/train/n04179913/n04179913_9380.JPEG
787,0.002492081606760621,./datasets/data/ILSVRC2012/train/n04192698/n04192698_12811.JPEG
788,0.001117934356443584,./datasets/data/ILSVRC2012/train/n04200800/n04200800_12353.JPEG
789,0.0011032484471797943,./datasets/data/ILSVRC2012/train/n04201297/n04201297_6193.JPEG
790,0.0003421589790377766,./datasets/data/ILSVRC2012/train/n04204238/n04204238_1420.JPEG
791,0.004719455260783434,./datasets/data/ILSVRC2012/train/n04204347/n04204347_749.JPEG
792,5.622235039481893e-05,./datasets/data/ILSVRC2012/train/n04208210/n04208210_21298.JPEG
793,2.6464690563443583e-06,./datasets/data/ILSVRC2012/train/n04209133/n04209133_5563.JPEG
794,0.002300408435985446,./datasets/data/ILSVRC2012/train/n04209239/n04209239_6419.JPEG
795,0.0007123692193999887,./datasets/data/ILSVRC2012/train/n04228054/n04228054_7536.JPEG
796,0.0002167564380215481,./datasets/data/ILSVRC2012/train/n04229816/n04229816_11434.JPEG
797,0.000613365089520812,./datasets/data/ILSVRC2012/train/n04235860/n04235860_6249.JPEG
798,0.009592147544026375,./datasets/data/ILSVRC2012/train/n04238763/n04238763_20793.JPEG
799,0.00038636449608020484,./datasets/data/ILSVRC2012/train/n04239074/n04239074_29412.JPEG
800,0.06712288409471512,./datasets/data/ILSVRC2012/train/n04243546/n04243546_13460.JPEG
801,0.004800849128514528,./datasets/data/ILSVRC2012/train/n04251144/n04251144_4520.JPEG
802,0.026870807632803917,./datasets/data/ILSVRC2012/train/n04252077/n04252077_8195.JPEG
803,0.006138578522950411,./datasets/data/ILSVRC2012/train/n04252225/n04252225_1783.JPEG
804,0.00025626368005760014,./datasets/data/ILSVRC2012/train/n04254120/n04254120_3674.JPEG
805,4.174746209173463e-06,./datasets/data/ILSVRC2012/train/n04254680/n04254680_7904.JPEG
806,0.017798570916056633,./datasets/data/ILSVRC2012/train/n04254777/n04254777_17481.JPEG
807,0.0010948339477181435,./datasets/data/ILSVRC2012/train/n04258138/n04258138_1334.JPEG
808,0.0010767639614641666,./datasets/data/ILSVRC2012/train/n04259630/n04259630_6708.JPEG
809,0.0003039448638446629,./datasets/data/ILSVRC2012/train/n04263257/n04263257_3700.JPEG
810,0.0020266296342015266,./datasets/data/ILSVRC2012/train/n04264628/n04264628_7294.JPEG
811,0.0001511394075350836,./datasets/data/ILSVRC2012/train/n04265275/n04265275_10087.JPEG
812,0.003969191573560238,./datasets/data/ILSVRC2012/train/n04266014/n04266014_5730.JPEG
813,6.985503569012508e-05,./datasets/data/ILSVRC2012/train/n04270147/n04270147_18297.JPEG
814,0.004745032638311386,./datasets/data/ILSVRC2012/train/n04273569/n04273569_576.JPEG
815,0.0023992557544261217,./datasets/data/ILSVRC2012/train/n04275548/n04275548_10260.JPEG
816,0.003003356046974659,./datasets/data/ILSVRC2012/train/n04277352/n04277352_8189.JPEG
817,0.0006467427010647953,./datasets/data/ILSVRC2012/train/n04285008/n04285008_10703.JPEG
818,0.0004069158749189228,./datasets/data/ILSVRC2012/train/n04286575/n04286575_50933.JPEG
819,0.001070168218575418,./datasets/data/ILSVRC2012/train/n04296562/n04296562_27203.JPEG
820,0.10352902859449387,./datasets/data/ILSVRC2012/train/n04310018/n04310018_2621.JPEG
821,0.002030259696766734,./datasets/data/ILSVRC2012/train/n04311004/n04311004_10255.JPEG
822,0.0019725917372852564,./datasets/data/ILSVRC2012/train/n04311174/n04311174_13253.JPEG
823,0.00047664131852798164,./datasets/data/ILSVRC2012/train/n04317175/n04317175_865.JPEG
824,0.0020775808952748775,./datasets/data/ILSVRC2012/train/n04325704/n04325704_3770.JPEG
825,0.02262207120656967,./datasets/data/ILSVRC2012/train/n04326547/n04326547_5026.JPEG
826,0.0006997893797233701,./datasets/data/ILSVRC2012/train/n04328186/n04328186_38817.JPEG
827,0.0003701701934915036,./datasets/data/ILSVRC2012/train/n04330267/n04330267_15790.JPEG
828,0.0013235301012173295,./datasets/data/ILSVRC2012/train/n04332243/n04332243_39590.JPEG
829,0.013380112126469612,./datasets/data/ILSVRC2012/train/n04335435/n04335435_43143.JPEG
830,0.0016340952133759856,./datasets/data/ILSVRC2012/train/n04336792/n04336792_16114.JPEG
831,0.0006727061700075865,./datasets/data/ILSVRC2012/train/n04344873/n04344873_16777.JPEG
832,0.0022376442793756723,./datasets/data/ILSVRC2012/train/n04346328/n04346328_14610.JPEG
833,0.001103629358112812,./datasets/data/ILSVRC2012/train/n04347754/n04347754_52620.JPEG
834,0.00032805645605549216,./datasets/data/ILSVRC2012/train/n04350905/n04350905_8761.JPEG
835,0.0007309308275580406,./datasets/data/ILSVRC2012/train/n04355338/n04355338_2989.JPEG
836,5.110686470288783e-05,./datasets/data/ILSVRC2012/train/n04355933/n04355933_187.JPEG
837,1.5425363017129712e-05,./datasets/data/ILSVRC2012/train/n04356056/n04356056_9236.JPEG
838,0.000494598294608295,./datasets/data/ILSVRC2012/train/n04357314/n04357314_5471.JPEG
839,0.007493837736546993,./datasets/data/ILSVRC2012/train/n04366367/n04366367_1042.JPEG
840,0.0009302510297857225,./datasets/data/ILSVRC2012/train/n04367480/n04367480_11657.JPEG
841,0.00015266970149241388,./datasets/data/ILSVRC2012/train/n04370456/n04370456_11789.JPEG
842,0.001160473097115755,./datasets/data/ILSVRC2012/train/n04371430/n04371430_2122.JPEG
843,0.00020293056149967015,./datasets/data/ILSVRC2012/train/n04371774/n04371774_14865.JPEG
844,0.004859494511038065,./datasets/data/ILSVRC2012/train/n04372370/n04372370_10424.JPEG
845,0.0004087130364496261,./datasets/data/ILSVRC2012/train/n04376876/n04376876_10229.JPEG
846,2.892129123210907e-05,./datasets/data/ILSVRC2012/train/n04380533/n04380533_15469.JPEG
847,0.003986818715929985,./datasets/data/ILSVRC2012/train/n04389033/n04389033_19728.JPEG
848,0.0003526928194332868,./datasets/data/ILSVRC2012/train/n04392985/n04392985_6008.JPEG
849,0.0003186211979482323,./datasets/data/ILSVRC2012/train/n04398044/n04398044_32104.JPEG
850,0.0018394197104498744,./datasets/data/ILSVRC2012/train/n04399382/n04399382_30613.JPEG
851,0.00011057368101319298,./datasets/data/ILSVRC2012/train/n04404412/n04404412_16733.JPEG
852,0.0026194050442427397,./datasets/data/ILSVRC2012/train/n04409515/n04409515_2132.JPEG
853,0.004389516543596983,./datasets/data/ILSVRC2012/train/n04417672/n04417672_4238.JPEG
854,0.001707444665953517,./datasets/data/ILSVRC2012/train/n04418357/n04418357_26765.JPEG
855,0.00027482883888296783,./datasets/data/ILSVRC2012/train/n04423845/n04423845_15876.JPEG
856,0.0043785120360553265,./datasets/data/ILSVRC2012/train/n04428191/n04428191_8765.JPEG
857,0.0006590688717551529,./datasets/data/ILSVRC2012/train/n04429376/n04429376_55898.JPEG
858,0.002732405671849847,./datasets/data/ILSVRC2012/train/n04435653/n04435653_9483.JPEG
859,0.00100677867885679,./datasets/data/ILSVRC2012/train/n04442312/n04442312_18979.JPEG
860,0.0016604558331891894,./datasets/data/ILSVRC2012/train/n04443257/n04443257_1430.JPEG
861,0.0002828237775247544,./datasets/data/ILSVRC2012/train/n04447861/n04447861_7759.JPEG
862,0.0008390684961341321,./datasets/data/ILSVRC2012/train/n04456115/n04456115_52100.JPEG
863,0.0049623483791947365,./datasets/data/ILSVRC2012/train/n04458633/n04458633_5045.JPEG
864,0.00033304200042039156,./datasets/data/ILSVRC2012/train/n04461696/n04461696_2867.JPEG
865,0.00861023273319006,./datasets/data/ILSVRC2012/train/n04462240/n04462240_15705.JPEG
866,0.0070292227901518345,./datasets/data/ILSVRC2012/train/n04465501/n04465501_1699.JPEG
867,0.0007850155234336853,./datasets/data/ILSVRC2012/train/n04467665/n04467665_30835.JPEG
868,2.1098747311043553e-05,./datasets/data/ILSVRC2012/train/n04476259/n04476259_14787.JPEG
869,0.010164717212319374,./datasets/data/ILSVRC2012/train/n04479046/n04479046_9031.JPEG
870,0.00013168826990295202,./datasets/data/ILSVRC2012/train/n04482393/n04482393_3456.JPEG
871,0.0008241320610977709,./datasets/data/ILSVRC2012/train/n04483307/n04483307_11118.JPEG
872,6.070730887586251e-05,./datasets/data/ILSVRC2012/train/n04485082/n04485082_37275.JPEG
873,0.0007382724434137344,./datasets/data/ILSVRC2012/train/n04486054/n04486054_78.JPEG
874,0.009895546361804008,./datasets/data/ILSVRC2012/train/n04487081/n04487081_9631.JPEG
875,0.0002355969772906974,./datasets/data/ILSVRC2012/train/n04487394/n04487394_26218.JPEG
876,0.0006920536397956312,./datasets/data/ILSVRC2012/train/n04493381/n04493381_6792.JPEG
877,0.016587071120738983,./datasets/data/ILSVRC2012/train/n04501370/n04501370_20554.JPEG
878,0.0013426441000774503,./datasets/data/ILSVRC2012/train/n04505470/n04505470_3371.JPEG
879,0.00013459031470119953,./datasets/data/ILSVRC2012/train/n04507155/n04507155_31280.JPEG
880,0.00024865343584679067,./datasets/data/ILSVRC2012/train/n04509417/n04509417_9230.JPEG
881,0.00028305809246376157,./datasets/data/ILSVRC2012/train/n04515003/n04515003_14529.JPEG
882,4.238891415297985e-05,./datasets/data/ILSVRC2012/train/n04517823/n04517823_6527.JPEG
883,0.0016710422933101654,./datasets/data/ILSVRC2012/train/n04522168/n04522168_7706.JPEG
884,0.0005190893425606191,./datasets/data/ILSVRC2012/train/n04523525/n04523525_4731.JPEG
885,0.0006774764624424279,./datasets/data/ILSVRC2012/train/n04525038/n04525038_35827.JPEG
886,0.012058847583830357,./datasets/data/ILSVRC2012/train/n04525305/n04525305_19013.JPEG
887,0.0012841126881539822,./datasets/data/ILSVRC2012/train/n04532106/n04532106_11350.JPEG
888,0.052185963839292526,./datasets/data/ILSVRC2012/train/n04532670/n04532670_27081.JPEG
889,0.00029469392029568553,./datasets/data/ILSVRC2012/train/n04536866/n04536866_10367.JPEG
890,0.006170714274048805,./datasets/data/ILSVRC2012/train/n04540053/n04540053_4994.JPEG
891,0.002408369677141309,./datasets/data/ILSVRC2012/train/n04542943/n04542943_3270.JPEG
892,0.0001422012283001095,./datasets/data/ILSVRC2012/train/n04548280/n04548280_3128.JPEG
893,0.0011263344204053283,./datasets/data/ILSVRC2012/train/n04548362/n04548362_35.JPEG
894,0.0013979970244690776,./datasets/data/ILSVRC2012/train/n04550184/n04550184_4771.JPEG
895,0.0011689625680446625,./datasets/data/ILSVRC2012/train/n04552348/n04552348_6091.JPEG
896,0.002634654985740781,./datasets/data/ILSVRC2012/train/n04553703/n04553703_17252.JPEG
897,0.0011029979214072227,./datasets/data/ILSVRC2012/train/n04554684/n04554684_5858.JPEG
898,6.185338133946061e-05,./datasets/data/ILSVRC2012/train/n04557648/n04557648_6748.JPEG
899,0.00012017153494525701,./datasets/data/ILSVRC2012/train/n04560804/n04560804_15517.JPEG
900,0.017944203689694405,./datasets/data/ILSVRC2012/train/n04562935/n04562935_13447.JPEG
901,0.0004653565410990268,./datasets/data/ILSVRC2012/train/n04579145/n04579145_2338.JPEG
902,0.0003032224776688963,./datasets/data/ILSVRC2012/train/n04579432/n04579432_21956.JPEG
903,6.670018046861514e-05,./datasets/data/ILSVRC2012/train/n04584207/n04584207_1091.JPEG
904,0.0001642284623812884,./datasets/data/ILSVRC2012/train/n04589890/n04589890_8102.JPEG
905,0.0010872152633965015,./datasets/data/ILSVRC2012/train/n04590129/n04590129_22631.JPEG
906,0.005048876628279686,./datasets/data/ILSVRC2012/train/n04591157/n04591157_1147.JPEG
907,0.0003033005050383508,./datasets/data/ILSVRC2012/train/n04591713/n04591713_2566.JPEG
908,0.002435421571135521,./datasets/data/ILSVRC2012/train/n04592741/n04592741_5337.JPEG
909,0.0004936247132718563,./datasets/data/ILSVRC2012/train/n04596742/n04596742_30585.JPEG
910,8.23014197521843e-05,./datasets/data/ILSVRC2012/train/n04597913/n04597913_2577.JPEG
911,0.0003234126779716462,./datasets/data/ILSVRC2012/train/n04599235/n04599235_4843.JPEG
912,0.001706411363556981,./datasets/data/ILSVRC2012/train/n04604644/n04604644_4077.JPEG
913,0.0012218054616823792,./datasets/data/ILSVRC2012/train/n04606251/n04606251_6658.JPEG
914,0.001234358293004334,./datasets/data/ILSVRC2012/train/n04612504/n04612504_5635.JPEG
915,0.0006940883467905223,./datasets/data/ILSVRC2012/train/n04613696/n04613696_107.JPEG
916,0.007610662374645472,./datasets/data/ILSVRC2012/train/n06359193/n06359193_8436.JPEG
917,0.000463216973003,./datasets/data/ILSVRC2012/train/n06596364/n06596364_2606.JPEG
918,0.0036320360377430916,./datasets/data/ILSVRC2012/train/n06785654/n06785654_10334.JPEG
919,0.0005371748120523989,./datasets/data/ILSVRC2012/train/n06794110/n06794110_1975.JPEG
920,0.00012124365457566455,./datasets/data/ILSVRC2012/train/n06874185/n06874185_21917.JPEG
921,1.852309469541069e-05,./datasets/data/ILSVRC2012/train/n07248320/n07248320_54414.JPEG
922,0.03994758427143097,./datasets/data/ILSVRC2012/train/n07565083/n07565083_10334.JPEG
923,0.00048689087270759046,./datasets/data/ILSVRC2012/train/n07579787/n07579787_22379.JPEG
924,0.008266886696219444,./datasets/data/ILSVRC2012/train/n07583066/n07583066_7418.JPEG
925,0.0008583932067267597,./datasets/data/ILSVRC2012/train/n07584110/n07584110_19901.JPEG
926,0.0075378697365522385,./datasets/data/ILSVRC2012/train/n07590611/n07590611_9377.JPEG
927,0.0061036208644509315,./datasets/data/ILSVRC2012/train/n07613480/n07613480_20464.JPEG
928,0.002736089751124382,./datasets/data/ILSVRC2012/train/n07614500/n07614500_44099.JPEG
929,0.0010773456888273358,./datasets/data/ILSVRC2012/train/n07615774/n07615774_20951.JPEG
930,0.0003955737338401377,./datasets/data/ILSVRC2012/train/n07684084/n07684084_5043.JPEG
931,0.0006008851923979819,./datasets/data/ILSVRC2012/train/n07693725/n07693725_17670.JPEG
932,0.0012789961183443666,./datasets/data/ILSVRC2012/train/n07695742/n07695742_8441.JPEG
933,0.0475185289978981,./datasets/data/ILSVRC2012/train/n07697313/n07697313_14280.JPEG
934,0.008089260198175907,./datasets/data/ILSVRC2012/train/n07697537/n07697537_29727.JPEG
935,0.02113325148820877,./datasets/data/ILSVRC2012/train/n07711569/n07711569_8678.JPEG
936,0.007190801203250885,./datasets/data/ILSVRC2012/train/n07714571/n07714571_7511.JPEG
937,0.007857006043195724,./datasets/data/ILSVRC2012/train/n07714990/n07714990_7702.JPEG
938,0.007735336199402809,./datasets/data/ILSVRC2012/train/n07715103/n07715103_15196.JPEG
939,0.003120404900982976,./datasets/data/ILSVRC2012/train/n07716358/n07716358_11348.JPEG
940,0.009160495363175869,./datasets/data/ILSVRC2012/train/n07716906/n07716906_1905.JPEG
941,0.0009540522005409002,./datasets/data/ILSVRC2012/train/n07717410/n07717410_12139.JPEG
942,0.00415443442761898,./datasets/data/ILSVRC2012/train/n07717556/n07717556_7319.JPEG
943,0.006602780427783728,./datasets/data/ILSVRC2012/train/n07718472/n07718472_12647.JPEG
944,0.003539453959092498,./datasets/data/ILSVRC2012/train/n07718747/n07718747_2501.JPEG
945,0.004148007370531559,./datasets/data/ILSVRC2012/train/n07720875/n07720875_3424.JPEG
946,0.010826717130839825,./datasets/data/ILSVRC2012/train/n07730033/n07730033_3566.JPEG
947,0.0008475520880892873,./datasets/data/ILSVRC2012/train/n07734744/n07734744_5408.JPEG
948,0.007219094317406416,./datasets/data/ILSVRC2012/train/n07742313/n07742313_2002.JPEG
949,0.003593500005081296,./datasets/data/ILSVRC2012/train/n07745940/n07745940_9425.JPEG
950,0.001802093000151217,./datasets/data/ILSVRC2012/train/n07747607/n07747607_9086.JPEG
951,0.011701020412147045,./datasets/data/ILSVRC2012/train/n07749582/n07749582_7343.JPEG
952,0.0022074480075389147,./datasets/data/ILSVRC2012/train/n07753113/n07753113_5369.JPEG
953,0.024975353851914406,./datasets/data/ILSVRC2012/train/n07753275/n07753275_54716.JPEG
954,0.0007032345165498555,./datasets/data/ILSVRC2012/train/n07753592/n07753592_10844.JPEG
955,0.06849350035190582,./datasets/data/ILSVRC2012/train/n07754684/n07754684_15960.JPEG
956,0.019940316677093506,./datasets/data/ILSVRC2012/train/n07760859/n07760859_14634.JPEG
957,0.018242187798023224,./datasets/data/ILSVRC2012/train/n07768694/n07768694_3583.JPEG
958,0.035963211208581924,./datasets/data/ILSVRC2012/train/n07802026/n07802026_31414.JPEG
959,0.03409520164132118,./datasets/data/ILSVRC2012/train/n07831146/n07831146_5374.JPEG
960,0.0017777860630303621,./datasets/data/ILSVRC2012/train/n07836838/n07836838_979.JPEG
961,0.0003797059180215001,./datasets/data/ILSVRC2012/train/n07860988/n07860988_38163.JPEG
962,0.016678081825375557,./datasets/data/ILSVRC2012/train/n07871810/n07871810_24576.JPEG
963,0.08517482876777649,./datasets/data/ILSVRC2012/train/n07873807/n07873807_37853.JPEG
964,0.0020552363712340593,./datasets/data/ILSVRC2012/train/n07875152/n07875152_9255.JPEG
965,0.010147270746529102,./datasets/data/ILSVRC2012/train/n07880968/n07880968_1984.JPEG
966,7.006336090853438e-05,./datasets/data/ILSVRC2012/train/n07892512/n07892512_36275.JPEG
967,0.0011834402102977037,./datasets/data/ILSVRC2012/train/n07920052/n07920052_186.JPEG
968,0.00014061976980883628,./datasets/data/ILSVRC2012/train/n07930864/n07930864_51503.JPEG
969,0.003635891480371356,./datasets/data/ILSVRC2012/train/n07932039/n07932039_9392.JPEG
970,0.0058374712243676186,./datasets/data/ILSVRC2012/train/n09193705/n09193705_49534.JPEG
971,0.0014160859864205122,./datasets/data/ILSVRC2012/train/n09229709/n09229709_5642.JPEG
972,0.0007185207796283066,./datasets/data/ILSVRC2012/train/n09246464/n09246464_15923.JPEG
973,0.0009077267604880035,./datasets/data/ILSVRC2012/train/n09256479/n09256479_1190.JPEG
974,0.02249700017273426,./datasets/data/ILSVRC2012/train/n09288635/n09288635_1446.JPEG
975,0.0005519346450455487,./datasets/data/ILSVRC2012/train/n09332890/n09332890_194.JPEG
976,0.00019799210713244975,./datasets/data/ILSVRC2012/train/n09399592/n09399592_1774.JPEG
977,0.0010390776442363858,./datasets/data/ILSVRC2012/train/n09421951/n09421951_14792.JPEG
978,0.0021026504691690207,./datasets/data/ILSVRC2012/train/n09428293/n09428293_47965.JPEG
979,0.0045566251501441,./datasets/data/ILSVRC2012/train/n09468604/n09468604_57854.JPEG
980,0.008817785419523716,./datasets/data/ILSVRC2012/train/n09472597/n09472597_21902.JPEG
981,0.000784873787779361,./datasets/data/ILSVRC2012/train/n09835506/n09835506_10389.JPEG
982,0.005330760031938553,./datasets/data/ILSVRC2012/train/n10148035/n10148035_14326.JPEG
983,0.0018197874305769801,./datasets/data/ILSVRC2012/train/n10565667/n10565667_1209.JPEG
984,0.22797492146492004,./datasets/data/ILSVRC2012/train/n11879895/n11879895_10094.JPEG
985,0.13190695643424988,./datasets/data/ILSVRC2012/train/n11939491/n11939491_19477.JPEG
986,0.5577269196510315,./datasets/data/ILSVRC2012/train/n12057211/n12057211_4880.JPEG
987,0.001406189170666039,./datasets/data/ILSVRC2012/train/n12144580/n12144580_2844.JPEG
988,0.0028753038495779037,./datasets/data/ILSVRC2012/train/n12267677/n12267677_6829.JPEG
989,0.006441017147153616,./datasets/data/ILSVRC2012/train/n12620546/n12620546_16412.JPEG
990,0.00817468948662281,./datasets/data/ILSVRC2012/train/n12768682/n12768682_42320.JPEG
991,0.00615287758409977,./datasets/data/ILSVRC2012/train/n12985857/n12985857_1833.JPEG
992,0.0019448987441137433,./datasets/data/ILSVRC2012/train/n12998815/n12998815_13420.JPEG
993,0.008503718301653862,./datasets/data/ILSVRC2012/train/n13037406/n13037406_3188.JPEG
994,0.0009755738428793848,./datasets/data/ILSVRC2012/train/n13040303/n13040303_4458.JPEG
995,0.002623875392600894,./datasets/data/ILSVRC2012/train/n13044778/n13044778_3576.JPEG
996,0.000970011402387172,./datasets/data/ILSVRC2012/train/n13052670/n13052670_10445.JPEG
997,0.0078359954059124,./datasets/data/ILSVRC2012/train/n13054560/n13054560_12180.JPEG
998,0.0008746235980652273,./datasets/data/ILSVRC2012/train/n13133613/n13133613_4359.JPEG
999,0.0014346725074574351,./datasets/data/ILSVRC2012/train/n15075141/n15075141_7001.JPEG
